-- MariaDB dump 10.17  Distrib 10.4.14-MariaDB, for Win64 (AMD64)
--
-- Host: 127.0.0.1    Database: mygunpla
-- ------------------------------------------------------
-- Server version	10.4.14-MariaDB

/*!40101 SET @OLD_CHARACTER_SET_CLIENT=@@CHARACTER_SET_CLIENT */;
/*!40101 SET @OLD_CHARACTER_SET_RESULTS=@@CHARACTER_SET_RESULTS */;
/*!40101 SET @OLD_COLLATION_CONNECTION=@@COLLATION_CONNECTION */;
/*!40101 SET NAMES utf8mb4 */;
/*!40103 SET @OLD_TIME_ZONE=@@TIME_ZONE */;
/*!40103 SET TIME_ZONE='+00:00' */;
/*!40014 SET @OLD_UNIQUE_CHECKS=@@UNIQUE_CHECKS, UNIQUE_CHECKS=0 */;
/*!40014 SET @OLD_FOREIGN_KEY_CHECKS=@@FOREIGN_KEY_CHECKS, FOREIGN_KEY_CHECKS=0 */;
/*!40101 SET @OLD_SQL_MODE=@@SQL_MODE, SQL_MODE='NO_AUTO_VALUE_ON_ZERO' */;
/*!40111 SET @OLD_SQL_NOTES=@@SQL_NOTES, SQL_NOTES=0 */;

--
-- Table structure for table `category_tag`
--

DROP TABLE IF EXISTS `category_tag`;
/*!40101 SET @saved_cs_client     = @@character_set_client */;
/*!40101 SET character_set_client = utf8 */;
CREATE TABLE `category_tag` (
  `id` int(11) NOT NULL AUTO_INCREMENT,
  `name` varchar(100) COLLATE utf8mb4_unicode_ci NOT NULL,
  PRIMARY KEY (`id`)
) ENGINE=InnoDB AUTO_INCREMENT=29 DEFAULT CHARSET=utf8mb4 COLLATE=utf8mb4_unicode_ci;
/*!40101 SET character_set_client = @saved_cs_client */;

--
-- Dumping data for table `category_tag`
--

LOCK TABLES `category_tag` WRITE;
/*!40000 ALTER TABLE `category_tag` DISABLE KEYS */;
INSERT INTO `category_tag` VALUES (15,'Spécial'),(16,'Conversion'),(17,'Équipement'),(18,'Couleur'),(19,'Exclusif'),(20,'Optionnel'),(21,'Transformation');
/*!40000 ALTER TABLE `category_tag` ENABLE KEYS */;
UNLOCK TABLES;

--
-- Table structure for table `doctrine_migration_versions`
--

DROP TABLE IF EXISTS `doctrine_migration_versions`;
/*!40101 SET @saved_cs_client     = @@character_set_client */;
/*!40101 SET character_set_client = utf8 */;
CREATE TABLE `doctrine_migration_versions` (
  `version` varchar(191) COLLATE utf8_unicode_ci NOT NULL,
  `executed_at` datetime DEFAULT NULL,
  `execution_time` int(11) DEFAULT NULL,
  PRIMARY KEY (`version`)
) ENGINE=InnoDB DEFAULT CHARSET=utf8 COLLATE=utf8_unicode_ci;
/*!40101 SET character_set_client = @saved_cs_client */;

--
-- Dumping data for table `doctrine_migration_versions`
--

LOCK TABLES `doctrine_migration_versions` WRITE;
/*!40000 ALTER TABLE `doctrine_migration_versions` DISABLE KEYS */;
INSERT INTO `doctrine_migration_versions` VALUES ('DoctrineMigrations\\Version20201216133802','2020-12-17 12:14:07',1160),('DoctrineMigrations\\Version20201216142015','2020-12-17 12:14:08',66),('DoctrineMigrations\\Version20201216162540','2020-12-17 12:14:08',111),('DoctrineMigrations\\Version20201216191708','2020-12-17 12:14:08',33),('DoctrineMigrations\\Version20201217151604','2020-12-17 16:16:12',90),('DoctrineMigrations\\Version20201217153836','2020-12-17 16:38:43',194),('DoctrineMigrations\\Version20201217154639','2020-12-17 16:46:44',45),('DoctrineMigrations\\Version20201221195659','2020-12-21 20:57:11',122),('DoctrineMigrations\\Version20201222162424','2020-12-22 17:24:30',156),('DoctrineMigrations\\Version20201222163317','2020-12-22 17:33:23',126),('DoctrineMigrations\\Version20201222173819','2020-12-22 18:38:23',116),('DoctrineMigrations\\Version20201224182114','2020-12-24 19:21:20',76),('DoctrineMigrations\\Version20201224182741','2020-12-24 19:27:46',42),('DoctrineMigrations\\Version20201224183319','2020-12-24 19:33:32',134);
/*!40000 ALTER TABLE `doctrine_migration_versions` ENABLE KEYS */;
UNLOCK TABLES;

--
-- Table structure for table `era`
--

DROP TABLE IF EXISTS `era`;
/*!40101 SET @saved_cs_client     = @@character_set_client */;
/*!40101 SET character_set_client = utf8 */;
CREATE TABLE `era` (
  `id` int(11) NOT NULL AUTO_INCREMENT,
  `name` varchar(255) COLLATE utf8mb4_unicode_ci NOT NULL,
  PRIMARY KEY (`id`)
) ENGINE=InnoDB AUTO_INCREMENT=13 DEFAULT CHARSET=utf8mb4 COLLATE=utf8mb4_unicode_ci;
/*!40101 SET character_set_client = @saved_cs_client */;

--
-- Dumping data for table `era`
--

LOCK TABLES `era` WRITE;
/*!40000 ALTER TABLE `era` DISABLE KEYS */;
INSERT INTO `era` VALUES (1,'After Colony'),(2,'Anno Domini'),(3,'Advanced Generation'),(4,'After War'),(5,'Build Fighter'),(6,'Correct Century'),(7,'Cosmic Era'),(8,'Future Century'),(9,'Gunpla Builder'),(10,'Mars Century'),(11,'Post Disaster'),(12,'Universal Century');
/*!40000 ALTER TABLE `era` ENABLE KEYS */;
UNLOCK TABLES;

--
-- Table structure for table `filter`
--

DROP TABLE IF EXISTS `filter`;
/*!40101 SET @saved_cs_client     = @@character_set_client */;
/*!40101 SET character_set_client = utf8 */;
CREATE TABLE `filter` (
  `id` int(11) NOT NULL AUTO_INCREMENT,
  `name` varchar(255) COLLATE utf8mb4_unicode_ci NOT NULL,
  `form_type` varchar(255) COLLATE utf8mb4_unicode_ci NOT NULL,
  PRIMARY KEY (`id`)
) ENGINE=InnoDB AUTO_INCREMENT=6 DEFAULT CHARSET=utf8mb4 COLLATE=utf8mb4_unicode_ci;
/*!40101 SET character_set_client = @saved_cs_client */;

--
-- Dumping data for table `filter`
--

LOCK TABLES `filter` WRITE;
/*!40000 ALTER TABLE `filter` DISABLE KEYS */;
INSERT INTO `filter` VALUES (1,'Model Name','name'),(2,'Grade','Grade'),(3,'Price','price'),(4,'Era','Era'),(5,'Serie','Serie');
/*!40000 ALTER TABLE `filter` ENABLE KEYS */;
UNLOCK TABLES;

--
-- Table structure for table `filter_condition`
--

DROP TABLE IF EXISTS `filter_condition`;
/*!40101 SET @saved_cs_client     = @@character_set_client */;
/*!40101 SET character_set_client = utf8 */;
CREATE TABLE `filter_condition` (
  `id` int(11) NOT NULL AUTO_INCREMENT,
  `name` varchar(255) COLLATE utf8mb4_unicode_ci NOT NULL,
  `operator` varchar(10) COLLATE utf8mb4_unicode_ci NOT NULL,
  PRIMARY KEY (`id`)
) ENGINE=InnoDB AUTO_INCREMENT=7 DEFAULT CHARSET=utf8mb4 COLLATE=utf8mb4_unicode_ci;
/*!40101 SET character_set_client = @saved_cs_client */;

--
-- Dumping data for table `filter_condition`
--

LOCK TABLES `filter_condition` WRITE;
/*!40000 ALTER TABLE `filter_condition` DISABLE KEYS */;
INSERT INTO `filter_condition` VALUES (1,'Is','='),(2,'Is not','!='),(3,'Less than','<'),(4,'Greater than','>'),(5,'Less than or equal','<='),(6,'Greater than or equal','>=');
/*!40000 ALTER TABLE `filter_condition` ENABLE KEYS */;
UNLOCK TABLES;

--
-- Table structure for table `filter_filter_condition`
--

DROP TABLE IF EXISTS `filter_filter_condition`;
/*!40101 SET @saved_cs_client     = @@character_set_client */;
/*!40101 SET character_set_client = utf8 */;
CREATE TABLE `filter_filter_condition` (
  `filter_id` int(11) NOT NULL,
  `filter_condition_id` int(11) NOT NULL,
  PRIMARY KEY (`filter_id`,`filter_condition_id`),
  KEY `IDX_335B4D3DD395B25E` (`filter_id`),
  KEY `IDX_335B4D3D79DA7321` (`filter_condition_id`),
  CONSTRAINT `FK_335B4D3D79DA7321` FOREIGN KEY (`filter_condition_id`) REFERENCES `filter_condition` (`id`) ON DELETE CASCADE,
  CONSTRAINT `FK_335B4D3DD395B25E` FOREIGN KEY (`filter_id`) REFERENCES `filter` (`id`) ON DELETE CASCADE
) ENGINE=InnoDB DEFAULT CHARSET=utf8mb4 COLLATE=utf8mb4_unicode_ci;
/*!40101 SET character_set_client = @saved_cs_client */;

--
-- Dumping data for table `filter_filter_condition`
--

LOCK TABLES `filter_filter_condition` WRITE;
/*!40000 ALTER TABLE `filter_filter_condition` DISABLE KEYS */;
INSERT INTO `filter_filter_condition` VALUES (1,1),(1,2),(2,1),(2,2),(3,3),(3,4),(3,5),(3,6),(4,1),(4,2),(5,1),(5,2);
/*!40000 ALTER TABLE `filter_filter_condition` ENABLE KEYS */;
UNLOCK TABLES;

--
-- Table structure for table `grade`
--

DROP TABLE IF EXISTS `grade`;
/*!40101 SET @saved_cs_client     = @@character_set_client */;
/*!40101 SET character_set_client = utf8 */;
CREATE TABLE `grade` (
  `id` int(11) NOT NULL AUTO_INCREMENT,
  `name` varchar(60) COLLATE utf8mb4_unicode_ci NOT NULL,
  `name_short` varchar(10) COLLATE utf8mb4_unicode_ci DEFAULT NULL,
  `logo_id` int(11) DEFAULT NULL,
  PRIMARY KEY (`id`),
  KEY `IDX_595AAE34F98F144A` (`logo_id`),
  CONSTRAINT `FK_595AAE34F98F144A` FOREIGN KEY (`logo_id`) REFERENCES `picture` (`id`)
) ENGINE=InnoDB AUTO_INCREMENT=23 DEFAULT CHARSET=utf8mb4 COLLATE=utf8mb4_unicode_ci;
/*!40101 SET character_set_client = @saved_cs_client */;

--
-- Dumping data for table `grade`
--

LOCK TABLES `grade` WRITE;
/*!40000 ALTER TABLE `grade` DISABLE KEYS */;
INSERT INTO `grade` VALUES (11,'No Grade','NG',NULL),(12,'High Grade','HG',NULL),(13,'Real Grade','RG',NULL),(14,'Master Grade','MG',127),(15,'Perfect Grade','PG',NULL),(21,'Reborn-One Hundred','RE/100',126),(22,'test','test',NULL);
/*!40000 ALTER TABLE `grade` ENABLE KEYS */;
UNLOCK TABLES;

--
-- Table structure for table `grade_scale`
--

DROP TABLE IF EXISTS `grade_scale`;
/*!40101 SET @saved_cs_client     = @@character_set_client */;
/*!40101 SET character_set_client = utf8 */;
CREATE TABLE `grade_scale` (
  `grade_id` int(11) NOT NULL,
  `scale_id` int(11) NOT NULL,
  PRIMARY KEY (`grade_id`,`scale_id`),
  KEY `IDX_F15F57ADFE19A1A8` (`grade_id`),
  KEY `IDX_F15F57ADF73142C2` (`scale_id`),
  CONSTRAINT `FK_F15F57ADF73142C2` FOREIGN KEY (`scale_id`) REFERENCES `scale` (`id`) ON DELETE CASCADE,
  CONSTRAINT `FK_F15F57ADFE19A1A8` FOREIGN KEY (`grade_id`) REFERENCES `grade` (`id`) ON DELETE CASCADE
) ENGINE=InnoDB DEFAULT CHARSET=utf8mb4 COLLATE=utf8mb4_unicode_ci;
/*!40101 SET character_set_client = @saved_cs_client */;

--
-- Dumping data for table `grade_scale`
--

LOCK TABLES `grade_scale` WRITE;
/*!40000 ALTER TABLE `grade_scale` DISABLE KEYS */;
INSERT INTO `grade_scale` VALUES (11,11),(11,12),(11,13),(11,14),(12,11),(12,15),(13,11),(14,12),(15,13),(21,12),(22,13);
/*!40000 ALTER TABLE `grade_scale` ENABLE KEYS */;
UNLOCK TABLES;

--
-- Table structure for table `model`
--

DROP TABLE IF EXISTS `model`;
/*!40101 SET @saved_cs_client     = @@character_set_client */;
/*!40101 SET character_set_client = utf8 */;
CREATE TABLE `model` (
  `id` int(11) NOT NULL AUTO_INCREMENT,
  `grade_id` int(11) DEFAULT NULL,
  `name` varchar(255) COLLATE utf8mb4_unicode_ci NOT NULL,
  `version` varchar(20) COLLATE utf8mb4_unicode_ci DEFAULT NULL,
  `date` date DEFAULT NULL,
  `price` decimal(10,0) DEFAULT NULL,
  `nb_part` int(11) DEFAULT NULL,
  `grade_number` varchar(10) COLLATE utf8mb4_unicode_ci DEFAULT NULL,
  `code_jan` int(11) DEFAULT NULL,
  `description` longtext COLLATE utf8mb4_unicode_ci DEFAULT NULL,
  `scale_id` int(11) DEFAULT NULL,
  PRIMARY KEY (`id`),
  KEY `IDX_D79572D9FE19A1A8` (`grade_id`),
  KEY `IDX_D79572D9F73142C2` (`scale_id`),
  CONSTRAINT `FK_D79572D9F73142C2` FOREIGN KEY (`scale_id`) REFERENCES `scale` (`id`),
  CONSTRAINT `FK_D79572D9FE19A1A8` FOREIGN KEY (`grade_id`) REFERENCES `grade` (`id`)
) ENGINE=InnoDB AUTO_INCREMENT=773 DEFAULT CHARSET=utf8mb4 COLLATE=utf8mb4_unicode_ci;
/*!40101 SET character_set_client = @saved_cs_client */;

--
-- Dumping data for table `model`
--

LOCK TABLES `model` WRITE;
/*!40000 ALTER TABLE `model` DISABLE KEYS */;
INSERT INTO `model` VALUES (8,14,'Gundam Barbatos',NULL,'2019-12-01',4500,324,'212',NULL,'Uses entirely polystyrene. Features plated sliver cylinders and gold inner frame parts; clear green parts for eyes and clear pink parts for emblems. Mace features two detachable blades. Includes Smoothbore Gun and Mikazuki Augus figurine. First release from the Post Disaster timeline. Originally planned to be released in November 2019, but was delayed due to unspecified reasons',12),(9,13,'Gundam Exia Extra Finish Ver.',NULL,'2014-11-21',4860,300,'Limitée',NULL,NULL,11),(44,14,'MS-06S Zaku II Crystal Version',NULL,'1996-10-01',2800,NULL,NULL,NULL,'Limited clear color variant of MG-002.',12),(45,14,'RX-78-2 Gundam Crystal Version',NULL,'1996-10-01',2800,NULL,NULL,NULL,'Limited clear color variant of MG-001.',12),(46,14,'Gundam RX-78-2 Coating Version',NULL,'1998-06-01',3500,NULL,NULL,NULL,'Special chrome color plated variant of MG-001. Includes 1/20 scale Amuro Ray figure. Released to commemorate the 20th anniversary of Gundam.',12),(47,14,'MS-06F/J Zaku II Crystal Version',NULL,'1998-10-01',2800,NULL,NULL,NULL,'Limited clear color variant of MG-003.',12),(48,14,'MSZ-006 Zeta Gundam Coating Version',NULL,'1998-07-01',4000,NULL,NULL,NULL,'Special chrome color plated variant of MG-005. Includes 1/20 scale Kamille Bidan figure. Released to commemorate the 20th anniversary of Gundam.',12),(49,14,'Gundam GP01Fb Coating Version',NULL,'1999-08-01',4000,NULL,NULL,NULL,'Special color chrome plated variant of MG-012. Includes 1/20 scale Kou Uraki figure. Released to commemorate the 20th anniversary of Gundam.',12),(50,14,'MS-06S Zaku II Coating Version',NULL,'1999-08-01',3500,NULL,NULL,NULL,'Special chrome color plated variant of MG-002. Includes 1/20 scale Char Aznable figure. Released to commemorate the 20th anniversary of Gundam.',12),(51,14,'Gundam RX-78 GP02A Coating Version',NULL,'2000-01-01',6000,NULL,NULL,NULL,'Special color chrome plated variant of MG-013. Includes 1/20 scale Anavel Gato figure. Released to commemorate the 20th anniversary of Gundam.',12),(52,14,'MS-06F/J Zaku II Coating Version',NULL,'2000-01-01',3500,NULL,NULL,NULL,'Special color chrome plated variant of MG-003. Includes 1/20 scale Zeon pilot figure. Released to commemorate the 20th anniversary of Gundam.',12),(53,14,'GF13-001NHII Hyper Mode Master Gundam',NULL,'2003-04-01',5000,NULL,NULL,NULL,'Special gold chrome plated variant of MG-047.',12),(54,14,'GF13-017NJII Hyper Mode G Gundam',NULL,'2003-04-01',4500,NULL,NULL,NULL,'Special gold chrome plated variant of MG-044.',12),(55,14,'MS-06F/J Zaku II \"One Year War 0079\" Color Version',NULL,'2005-04-01',2500,NULL,NULL,NULL,'Limited color variant of MG-003. Released to coincide with the release of PlayStation 2 game Mobile Suit Gundam: The One Year War.',12),(56,14,'MS-07B Gouf \"One Year War 0079\" Color Version',NULL,'2005-04-01',2800,NULL,NULL,NULL,'Limited color variant of MG-032 without 1/20 scale Crowley Hamon figure. Released to coincide with the release of PlayStation 2 game Mobile Suit Gundam: The One Year War.',12),(57,14,'MS-09 Dom \"One Year War 0079\" Color Version',NULL,'2005-04-01',4000,NULL,NULL,NULL,'Limited color variant of MG-021 without 1/20 scale Ortega figure. Released to coincide with the release of PlayStation 2 game Mobile Suit Gundam: The One Year War.',12),(58,14,'MS-14S Gelgoog \"One Year War 0079\" Color Version',NULL,'2005-04-01',3000,NULL,NULL,NULL,'Limited color variant of MG-008. Released to coincide with the release of PlayStation 2 game Mobile Suit Gundam: The One Year War.',12),(59,14,'ZGMF-X10A Freedom Gundam Extra Finish Version',NULL,'2005-08-01',8000,NULL,NULL,NULL,'Special metallic color variant of MG-072. Box art cover can be combined with NG SEED Destiny-10 into a mural.',12),(60,14,'ZGMF-X20A Strike Freedom Gundam Full Burst Mode',NULL,'2006-12-01',7000,NULL,NULL,NULL,'MG-093 with gold coated frame parts. Includes additional DRAGOON effect parts, a Action Base 1, and a poster.',12),(61,14,'MSN-04 Sazabi Metallic Coating Version',NULL,'2007-12-01',14000,NULL,NULL,NULL,'Special metallic color variant of MG-029. Includes water slide decal sheet. Released to commemorate the 20th anniversary of Char\'s Counterattack.',12),(62,14,'MSZ-006-3 Zeta Gundam',NULL,'2007-03-01',5000,NULL,NULL,NULL,'Limited color variant of MG-083.',12),(63,14,'RX-78-2 Gundam Ver.One Year War 0079 Animation Color Version',NULL,'2007-07-01',3200,NULL,NULL,NULL,'Anime-accurate color variant of MG-078. Includes additional decal sheet. Box and instruction manual reprinted in Ver.2.0 style format.',12),(64,14,'ZGMF-X42S Destiny Gundam Extreme Blast Mode',NULL,'2007-09-01',7000,NULL,NULL,NULL,'MG-101 with silver coated frame parts. Includes additional \"Wing of Light\" effect parts, Beam Palm and Beam Boomerang effect parts, and transparent 1/20 scale figures of Shinn Asuka and Kira Yamato.',12),(65,14,'RX-178 Gundam Mk-II (A.E.U.G.) Ver.2.0 HD Color',NULL,'2008-11-01',4000,NULL,NULL,NULL,'Limited gloss color variant of MG-082. Includes water slide decal sheet. Released to coincide with the Blu-ray release of the Zeta Gundam TV series.',12),(66,14,'RX-178 Gundam Mk-II (Titans) Ver.2.0 HD Color',NULL,'2008-11-01',4000,NULL,NULL,NULL,'Limited gloss color variant of MG-085. Includes water slide decal sheet. Released to coincide with the Blu-ray release of the Zeta Gundam TV series.',12),(67,14,'RX-93 ν Gundam Metallic Coating Version',NULL,'2008-02-01',8000,NULL,NULL,NULL,'Special metallic color variant of MG-034. Includes water slide decal sheet. Released to commemorate the 20th anniversary of Char\'s Counterattack.',12),(68,14,'ZGMF-X20A Strike Freedom Gundam Extra Finish Version',NULL,'2008-09-01',10000,NULL,NULL,NULL,'Special metallic color variant of MG-093.',12),(69,14,'GAT-X105 Aile Strike Gundam + Bazooka',NULL,'2009-06-01',4100,NULL,NULL,NULL,'Limited color variant of MG-065. Includes Bazooka and display base.',12),(70,14,'GN-001 Gundam Exia Ignition Mode',NULL,'2009-07-01',6500,NULL,NULL,NULL,'MG-123 with additional parts to create GN-001RE Gundam Exia Repair, and silver coated parts on the GN swords. Includes two Gunpla LED Unit Green.',12),(71,14,'LM312V04/06 Victory Gundam \"Ver.Ka\" Gunpla 30th Anniversary Ver.',NULL,'2009-12-01',3800,NULL,NULL,NULL,'Limited re-release of MG-127 with clear armor parts. Released to commemorate the 30th anniversary of Gunpla.',12),(72,14,'MS-06J Zaku II Ver.2.0 Gunpla 30th Anniversary Ver.',NULL,'2009-12-01',3500,NULL,NULL,NULL,'Limited re-release of MG-097 with clear armor parts. Released to commemorate the 30th anniversary of Gunpla.',12),(73,14,'MS-06S Zaku II (Char Aznable Custom) Ver.2.0 Gunpla 30th Anniversary Ver.',NULL,'2009-12-01',3500,NULL,NULL,NULL,'Limited re-release of MG-098 with clear armor parts. Released to commemorate the 30th anniversary of Gunpla.',12),(74,14,'MS-07B Gouf Ver.2.0 Gunpla 30th Anniversary Ver.',NULL,'2009-12-01',3800,NULL,NULL,NULL,'Limited re-release of MG-120 with clear armor parts. Released to commemorate the 30th anniversary of Gunpla.',12),(75,14,'MS-14S Gelgoog (Char Aznable Custom) Ver.2.0 Gunpla 30th Anniversary Ver.',NULL,'2009-12-01',4500,NULL,NULL,NULL,'Limited re-release of MG-099 with clear armor parts. Released to commemorate the 30th anniversary of Gunpla.',12),(76,14,'MSM-04 Acguy Gunpla 30th Anniversary Ver.',NULL,'2009-12-01',4000,NULL,NULL,NULL,'Limited re-release of MG-080 with clear armor parts. Released to commemorate the 30th anniversary of Gunpla.',12),(77,14,'MSM-07S Z\'Gok (Char Aznable Custom) Gunpla 30th Anniversary Ver.',NULL,'2009-12-01',3000,NULL,NULL,NULL,'Limited re-release of MG-066 with clear armor parts. Released to commemorate the 30th anniversary of Gunpla.',12),(78,14,'MSN-00100 Hyaku-Shiki Gunpla 30th Anniversary Ver.',NULL,'2009-12-01',4500,NULL,NULL,NULL,'Limited re-release of MG-037 with clear armor parts. Released to commemorate the 30th anniversary of Gunpla.',12),(79,14,'MSN-00100 Hyaku-Shiki HD Color',NULL,'2009-02-01',4800,NULL,NULL,NULL,'Limited metallic color variant of MG-037, not chrome plated unlike the original kit. Includes water slide decal sheet. Released to coincide with the Blu-ray release of the Zeta Gundam TV series.',12),(80,14,'MSZ-006 Zeta Gundam Ver.2.0 Gunpla 30th Anniversary Ver.',NULL,'2009-12-01',5000,NULL,NULL,NULL,'Limited re-release of MG-083 with clear armor parts. Released to commemorate the 30th anniversary of Gunpla.',12),(81,14,'MSZ-006 Zeta Gundam Ver.2.0 HD Color',NULL,'2009-01-01',5000,NULL,NULL,NULL,'Limited gloss color variant of MG-083. Includes water slide decal sheet. Released to coincide with the Blu-ray release of the Zeta Gundam TV series. Fully transformable kit.',12),(82,14,'MSZ-010 ΖΖ Gundam Gunpla 30th Anniversary Ver.',NULL,'2009-12-01',4000,NULL,NULL,NULL,'Limited re-release of MG-026 with clear armor parts. Released to commemorate the 30th anniversary of Gunpla.',12),(83,14,'RGM-79 GM Ver.2.0 Gunpla 30th Anniversary Ver.',NULL,'2009-12-01',3500,NULL,NULL,NULL,'Limited re-release of MG-118 with clear armor parts. Released to commemorate the 30th anniversary of Gunpla.',12),(84,14,'RX-0 Unicorn Gundam \"Ver.Ka\" Titanium Finish',NULL,'2009-04-01',8000,NULL,NULL,NULL,'Special metallic color variant of MG-102. Includes water slide decal sheet.',12),(85,14,'RX-178 Gundam Mk-II (A.E.U.G.) Ver.2.0 Gunpla 30th Anniversary Ver.',NULL,'2009-12-01',4000,NULL,NULL,NULL,'Limited re-release of MG-082 with clear armor parts. Released to commemorate the 30th anniversary of Gunpla.',12),(86,14,'RX-77-2 Guncannon Gunpla 30th Anniversary Ver.',NULL,'2009-12-01',3000,NULL,NULL,NULL,'Limited re-release of MG-045 with clear armor parts. Released to commemorate the 30th anniversary of Gunpla.',12),(87,14,'RX-78-2 Gundam Ver.2.0 Gunpla 30th Anniversary Ver.',NULL,'2009-12-01',4200,NULL,NULL,NULL,'Limited re-release of MG-111 with clear armor parts. Released to commemorate the 30th anniversary of Gunpla.',12),(88,14,'RX-93 ν Gundam Gunpla 30th Anniversary Ver.',NULL,'2009-12-01',5000,NULL,NULL,NULL,'Limited re-release of MG-034 with clear armor parts. Released to commemorate the 30th anniversary of Gunpla.',12),(89,14,'Shin Musha Gundam Sengoku no Jin',NULL,'2009-03-01',8000,NULL,NULL,NULL,'Special re-release of MG-110 with diorama base and weapon racks.',12),(90,14,'XXXG-00W0 Wing Gundam Zero Gunpla 30th Anniversary Ver.',NULL,'2009-12-01',3800,NULL,NULL,NULL,'Limited re-release of MG-075 with clear armor parts. Released to commemorate the 30th anniversary of Gunpla.',12),(91,14,'ZGMF-X10A Freedom Gundam Gunpla 30th Anniversary Ver.',NULL,'2009-12-01',3800,NULL,NULL,NULL,'Limited re-release of MG-072 with clear armor parts. Released to commemorate the 30th anniversary of Gunpla.',12),(92,14,'ZGMF-X19A ∞ Justice Gundam Gunpla 30th Anniversary Ver.',NULL,'2009-12-01',5000,NULL,NULL,NULL,'Limited re-release of MG-114 with clear armor parts. Released to commemorate the 30th anniversary of Gunpla.',12),(93,14,'ZGMF-X20A Strike Freedom Gundam Gunpla 30th Anniversary Ver.',NULL,'2009-12-01',4800,NULL,NULL,NULL,'Limited re-release of MG-093 with clear armor parts. Released to commemorate the 30th anniversary of Gunpla.',12),(94,14,'ZGMF-X42S Destiny Gundam Gunpla 30th Anniversary Ver.',NULL,'2009-12-01',4800,NULL,NULL,NULL,'Limited re-release of MG-101 with clear armor parts. Released to commemorate the 30th anniversary of Gunpla.',12),(95,14,'ZGMF-X56S/α Force Impulse Gundam Gunpla 30th Anniversary Ver.',NULL,'2009-12-01',4500,NULL,NULL,NULL,'Limited re-release of MG-109 with clear armor parts. Released to commemorate the 30th anniversary of Gunpla.',12),(96,14,'GAT-X105 Aile Strike Gundam Gunpla 30th Anniversary Ver.',NULL,'2010-03-01',3800,NULL,NULL,NULL,'Limited re-release of MG-065 with clear armor parts. Released to commemorate the 30th anniversary of Gunpla.',12),(97,14,'GAT-X105E Strike Noir Gundam Gunpla 30th Anniversary Ver.',NULL,'2010-03-01',4500,NULL,NULL,NULL,'Limited re-release of MG-096 with clear armor parts. Released to commemorate the 30th anniversary of Gunpla.',12),(98,14,'GF13-017NJII G Gundam Gunpla 30th Anniversary Ver.',NULL,'2010-03-01',2500,NULL,NULL,NULL,'Limited re-release of MG-044 with clear armor parts. Released to commemorate the 30th anniversary of Gunpla.',12),(99,14,'GN-001 Gundam Exia (Trans-Am Mode)',NULL,'2010-02-01',5800,NULL,NULL,NULL,'Color variant of MG-123.',12),(100,14,'GN-001 Gundam Exia Gunpla 30th Anniversary Ver.',NULL,'2010-03-01',3800,NULL,NULL,NULL,'Limited re-release of MG-123 with clear armor parts. Released to commemorate the 30th anniversary of Gunpla.',12),(101,14,'Gundam RX-79[G] Gunpla 30th Anniversary Ver.',NULL,'2010-03-01',3000,NULL,NULL,NULL,'Limited re-release of MG-027 with clear armor parts. Released to commemorate the 30th anniversary of Gunpla.',12),(102,14,'MBF-P02Kai Gundam Astray Red Frame Gunpla 30th Anniversary Ver.',NULL,'2010-03-01',5000,NULL,NULL,NULL,'Limited re-release of MG-130 with clear armor parts. Released to commemorate the 30th anniversary of Gunpla.',12),(103,14,'MS-07B-3 Gouf Custom Gunpla 30th Anniversary Ver.',NULL,'2010-03-01',3000,NULL,NULL,NULL,'Limited re-release of MG-036 with clear armor parts. Released to commemorate the 30th anniversary of Gunpla.',12),(104,14,'MS-09 Dom Gunpla 30th Anniversary Ver.',NULL,'2010-03-01',4000,NULL,NULL,NULL,'Limited re-release of MG-021 with clear armor parts. Released to commemorate the 30th anniversary of Gunpla.',12),(105,14,'MS-18E Kämpfer Gunpla 30th Anniversary Ver.',NULL,'2010-03-01',4000,NULL,NULL,NULL,'Limited re-release of MG-035 with clear armor parts. Released to commemorate the 30th anniversary of Gunpla.',12),(106,14,'MSN-04 Sazabi Gunpla 30th Anniversary Ver.',NULL,'2010-03-01',8000,NULL,NULL,NULL,'Limited re-release of MG-029 with clear armor parts. Released to commemorate the 30th anniversary of Gunpla.',12),(107,14,'MSN-06S Sinanju \"Ver.Ka\" Titanium Finish',NULL,'2010-02-01',12000,NULL,NULL,NULL,'Special metallic color variant of MG-116. Includes water slide decal sheet.',12),(108,14,'Metal In Frame 945SH G Ver.GP30th RX-78-2 Gundam',NULL,'2010-09-01',0,NULL,NULL,NULL,'Limited original release. Features metal frame parts. Includes custom display base/phone charger and water slide decal sheet. Bundled with Limited Edition Softbank 945SH G Ver.GP30th mobile phone. Released to commemorate the 30th anniversary of Gunpla.',12),(109,14,'RB-79 Mobile Pod Ball \"Ver.Ka\" Gunpla 30th Anniversary Ver.',NULL,'2010-03-01',2000,NULL,NULL,NULL,'Limited re-release of MG-076 with clear armor parts. Released to commemorate the 30th anniversary of Gunpla.',12),(110,14,'RX-0 Unicorn Gundam HD Color + MS Cage',NULL,'2010-03-01',7500,NULL,NULL,NULL,'Gloss color variant of MG-131 with MS Cage display stand to replicate episode 1 of the OVA. Includes figurines of Banagher Links (Normal Suit and civilian outfit), Audrey Burne, Marida Cruz (civilian outfit), and Cardeas Vist, as well as the figurines included with MG-131.',12),(111,14,'RX-75-4 Guntank Gunpla 30th Anniversary Ver.',NULL,'2010-03-01',4800,NULL,NULL,NULL,'Limited re-release of MG-124 with clear armor parts. Released to commemorate the 30th anniversary of Gunpla.',12),(112,14,'RX-78-2 Gundam Ver.2.0 Titanium Finish',NULL,'2010-03-01',4200,NULL,NULL,NULL,'Limited metallic color variant of MG-111. Released to commemorate the 30th anniversary of Gunpla. Regularly sold worldwide as an annual one-kit batch until 2013.',12),(113,14,'RX-78-2 Gundam Ver.One Year War 0079 Gunpla 30th Anniversary Ver.',NULL,'2010-03-01',3200,NULL,NULL,NULL,'Limited re-release of MG-078 (Anime Color Ver.) with clear armor parts. Released to commemorate the 30th anniversary of Gunpla.',12),(114,14,'RX-93-ν2 Hi-ν Gundam Gunpla 30th Anniversary Ver.',NULL,'2010-03-01',7000,NULL,NULL,NULL,'Limited re-release of MG-095 with clear armor parts. Released to commemorate the 30th anniversary of Gunpla.',12),(115,14,'XM-X1 Crossbone Gundam X-1 Full Cloth Gunpla 30th Anniversary Ver.',NULL,'2010-03-01',4500,NULL,NULL,NULL,'Limited re-release of MG-094 with clear armor parts. Released to commemorate the 30th anniversary of Gunpla.',12),(116,14,'XXXG-00W0 Wing Gundam Zero Pearl Gloss Version',NULL,'2020-12-20',3800,NULL,NULL,NULL,'Limited gloss injection variant of MG-075.',12),(117,14,'YMS-15 Gyan Gunpla 30th Anniversary Ver.',NULL,'2010-03-01',3600,NULL,NULL,NULL,'Limited re-release of MG-086 with clear armor parts. Released to commemorate the 30th anniversary of Gunpla.',12),(118,14,'Gunpla LED Unit Green (2 Unit Set)',NULL,'2011-09-01',1100,NULL,NULL,NULL,'Accessory kit for MG-145 and MG-148, as well as most MG kits that feature light-up gimmicks. Requires two LR41 watch batteries each. Also compatible with HGBC-000 and RE-01.',12),(119,14,'RX-0 Unicorn Gundam 02 Banshee Titanium Finish Ver.',NULL,'2012-12-01',12000,NULL,NULL,NULL,'Special metallic color variant of MG-155. Includes water slide decal sheet.',12),(120,14,'RX-93 ν Gundam \"Ver.Ka\" Titanium Finish',NULL,'2013-11-01',16000,NULL,NULL,NULL,'Special metallic color variant of MG-163. Includes water slide decal sheet.',12),(121,14,'GAT-X105B/FP Build Strike Gundam Full Package Plavsky Particle Clear Ver.',NULL,'2014-03-01',31500,NULL,NULL,NULL,'Limited sparkle clear color variant of MG-176. Bundled with the Gundam Build Fighters Blu-ray Box 1 Limited Edition Box Set.',12),(122,14,'RX-0 Unicorn Gundam Red/Green Twin Frame Edition Titanium Finish',NULL,'2016-12-01',12000,NULL,NULL,NULL,'Special metallic color variant of MG-131 with both red and green psychoframe.',12),(123,14,'GN-0000+GNR-010/XN 00 XN Raiser',NULL,'2017-07-01',8000,NULL,NULL,NULL,'Re-release of MG-145 with GNR-010/XN XN Raiser. Includes one Gunpla LED Unit Green, prop stand for standing poses, and water slide decal sheet. Released to commemorate the 10th anniversary of Gundam 00. Regular retail kit except in Japan, where it is a P-Bandai exclusive.',12),(124,14,'Lighting Unit [White] Double Light',NULL,'2017-04-01',2000,NULL,NULL,NULL,'Accessory kit for MG-203 and MG F91 Gundam F91 Ver.2.0 Back Cannon Type & Twin V.S.B.R. Set Up Type. Requires three LR44 watch batteries. Also available at P-Bandai.',12),(125,14,'RX-78-02 Gundam The Origin Special Ver.',NULL,'2017-03-01',5900,NULL,NULL,NULL,'Limited re-release of MG-190 with yellow V-fin, one Gunpla LED Unit Yellow and one Gunpla LED Unit Pink.',12),(126,14,'ZGMF-X10A Freedom Gundam Ver.2.0 & Kira Yamato (Dramatic Combination: MG x Figure-riseBust)',NULL,'2017-02-01',5700,NULL,NULL,NULL,'Limited re-release of MG-192 with FRB-001. Includes black BA-13 Action Base 1.',12),(127,14,'ZGMF-X13A Providence Gundam G.U.N.D.A.M. Edition',NULL,'2017-03-01',7000,NULL,NULL,NULL,'MG-196 with custom ZAFT Action Base and water slide decal sheet for MG-152, MG-158, MG-160, MG-161, MG-169, and MG-192.',12),(128,14,'ZGMF-X13A Providence Gundam G.U.N.D.A.M. Premium Edition',NULL,'2017-03-01',7000,NULL,NULL,NULL,'Limited first press release of MG-196 with exclusive box cover. Includes custom ZAFT Action Base and water slide decal sheet for MG-152, MG-158, MG-160, MG-161, MG-169, and MG-192.',12),(129,14,'GN-0000GNHW/7SG 00 Gundam Seven Sword/G (Trans-Am Mode) [Special Coating]',NULL,'2018-04-01',12000,NULL,NULL,NULL,'Metallic color variant of MG-148. Includes water slide decal sheet. Released to commemorate the 10th anniversary of Gundam 00. Regular retail kit except in Japan, where it is a P-Bandai exclusive.',12),(130,14,'GN-001/hs-A01D Gundam Avalanche Exia\'',NULL,'2018-08-01',6700,NULL,NULL,NULL,'Re-release of MG-123 with hs-A01D Avalanche Dash parts. Includes sparkle green Action Base 1 and water slide decal sheet. Released to commemorate the 10th anniversary of Gundam 00. Regular retail kit except in Japan, where it is a P-Bandai exclusive.',12),(131,14,'GNT-0000 00 Qan[T] (Trans-Am Mode) [Special Coating]',NULL,'2018-04-01',10000,NULL,NULL,NULL,'Metallic color variant of MG-140. Includes water slide decal sheet. Released to commemorate the 10th anniversary of Gundam 00. Regular retail kit except in Japan, where it is a P-Bandai exclusive.',12),(132,14,'LED Unit Yellow',NULL,'2018-03-01',700,NULL,NULL,NULL,'Accessory kit for MG-172 and MG-190, as well as most MG kits that feature light-up gimmicks. Requires two LR41 watch batteries.',12),(133,14,'MBF-02VV Gundam Astray Turn Red',NULL,'2018-02-01',7000,NULL,NULL,NULL,'Parts and color variant of MG-130. Includes Valerio Valeri figurine, white Action Base 2 for Tactical Arms, and water slide decal sheet. Regular retail kit except in Japan, where it is a P-Bandai exclusive.',12),(134,14,'LED Unit Blue',NULL,'2019-02-01',700,NULL,NULL,NULL,'Accessory kit for most MG kits that feature light-up gimmicks. Requires two LR41 watch batteries.',12),(136,14,'Shin Musha Gundam',NULL,'2008-06-01',5000,NULL,'110',NULL,'Uses frame from MG-028 and the body of MG-078. From the Plamo-Kyoshiro series but with the design based on its appearance on Dynasty Warriors Gundam 2. Water slide decal sheet is sold separately as GD-51. China/Hong Kong release includes a set of flower decals.',12),(137,14,'RX-178 Gundam Mk-II (A.E.U.G.)',NULL,'1998-07-01',2800,NULL,'014',NULL,'Includes Kamille Bidan figurine. Water slide decal sheet is sold separately as GD-6.',12),(138,14,'ZGMF-1017 Mobile Ginn',NULL,NULL,0,NULL,'216',NULL,NULL,12),(139,14,'GF13-021NG Gundam Spiegel',NULL,'2002-08-01',2500,NULL,'053',NULL,'Uses \"Action Frame\" to increase articulation and posing. Features collapsible chest to allow crossed arm poses. Includes transformable Core Lander and 1/20 scale Schwarz Bruder and Rain Mikamura (with two different head sculpts) figures.',12),(140,14,'GF13-017NJ Shining Gundam',NULL,'2002-05-01',2500,NULL,'049',NULL,'Uses \"Action Frame\" to increase articulation and posing. Includes two clear green \"Shining Finger\" hands, transformable Core Lander, and 1/20 and 1/100 scale Domon Kasshu (in Mobile Trace System suit) figures.',12),(141,14,'RX-93 ν Gundam',NULL,'2000-12-01',5000,NULL,'034',NULL,'Features diecast metal parts for the ankles and hips. Includes Amuro Ray figurine. Water slide decal sheet is sold separately as GD-23. First Gundam kit with torso inner frame parts.',12),(142,14,'GN-002 Gundam Dynames',NULL,'2019-03-01',4500,NULL,'207',NULL,'Uses entirely polystyrene, except for the GN Cables, which are EVAC. GN Drive accommodates two Gunpla LED Units (sold separately). Includes Lockon Stratos (with Haro) figurine.',12),(143,14,'FXA-05D/RX-178 Super Gundam',NULL,'1998-12-01',4000,NULL,'016',NULL,'Re-release of MG-014 with fully transformable FXA-05D G-Defenser, which is also compatible with MG-082. Water slide decal sheet is sold separately as GD-7.',12),(144,14,'GAT-X207 Blitz Gundam',NULL,'2012-06-01',4000,NULL,'158',NULL,'Uses the B, C, D, E, and F plate runners of MG-152. Includes two Nicol Amalfi figurines. Water slide decal sheet is sold separately with MG ZGMF-X13A Providence Gundam G.U.N.D.A.M. Edition.',12),(145,14,'MSZ-006A1 Zeta plus',NULL,'2001-10-01',3000,NULL,'043',NULL,'Includes Karaba pilot figurine. Fully transformable kit. Water slide decal sheet is sold separately as GD-21.',12),(146,14,'XXXG-01SR Gundam Sandrock EW',NULL,'2011-10-01',3800,NULL,'149',NULL,'Uses the XA and XB plate runners of MG-138. Includes Quatre Raberba Winner figurine, Heat Shotel and Beam Machine Gun. Water slide decal sheet is sold separately as GD-99.',12),(147,14,'MS-14A Gelgoog Ver.2.0',NULL,'2008-04-01',4500,NULL,'107',NULL,'Color variant of MG-099. Includes Zeon pilot figurine.',12),(148,14,'MS-07A Gouf Conversion Parts',NULL,'2002-06-01',5800,NULL,'2190',NULL,'Resin-cast conversion kit for MG-032.',12),(149,14,'RMS-179 GM II Conversion Parts',NULL,'2004-08-01',9800,NULL,'2369',NULL,'Resin-cast conversion kit for MG-017.',12),(150,14,'RX-78-1 Prototype Gundam Ver.1.5 Conversion Parts',NULL,'2001-07-01',3800,NULL,'2102',NULL,'Resin-cast conversion kit for MG-028.',12),(151,14,'ZGMF-X10A Freedom Gundam',NULL,'2004-07-01',3800,NULL,'072 ‎',NULL,'Includes display base and Kira Yamato figurine. Water slide decal sheet is sold separately as GD-3.',12),(152,14,'Gundam AGE-2 Normal',NULL,'2012-08-01',4200,NULL,'159',NULL,'Includes Asemu Asuno figurine. Fully transformable kit.',12),(153,14,'MSA-0011[Ext] Ex-S Gundam / MSA-0011 S Gundam',NULL,'2019-04-01',12000,NULL,'209',NULL,'Parts and color variant of MG-055 and MG-060; either of the two units can be built at any time. Uses head, shoulder, chest, and backpack of MG-202 with redesigned abdomen parts and new fixed hands for various poses. Includes clear display base, cables for INCOM units and a marking sheet designed by Hajime Katoki.',12),(154,14,'MSA-0011[Bst] Plan303E Deep Striker',NULL,'2018-03-01',20000,NULL,'202',NULL,'Parts and color variant of MG-060. Includes display base. Released to commemorate the 30th anniversary of Gundam Sentinel. Largest and most expensive MG release to date.',12),(155,14,'MSA-003 Nemo Conversion Parts',NULL,'2005-09-01',19800,NULL,'2470',NULL,'Resin-cast conversion kit for MG-025.',12),(156,14,'RGM-89 Jegan',NULL,'2018-07-01',4000,NULL,'204',NULL,'Uses the MP plate runner of MG-153. Uses entirely polystyrene. Unlike majority of the MG kits, no character figurine is included. Released to commemorate the 30th anniversary of Char\'s Counterattack and as part of Bandai\'s \"UC NexT 0100\" project.',12),(157,14,'RX-0 Unicorn Gundam 02 Banshee',NULL,'2012-03-01',5500,NULL,'155',NULL,'Parts and color variant of MG-102 with yellow psychoframe; F plate runners are renewed for improved knee articulation. Includes articulated Armed Armor VN/BS and Marida Cruz figurine, as well as a leftover Banagher Links figurine from MG-102. Released to coincide with release of the 5th episode of the OVA.',12),(158,14,'MS-14G Gelgoog Ground Type Conversion Parts',NULL,'2002-11-01',4800,NULL,'2223',NULL,'Resin-cast conversion kit for MG-009.',12),(159,14,'GF13-001NHII Master Gundam Anime Version Head Parts',NULL,'2002-11-01',1500,NULL,'2226',NULL,'Resin-cast upgrade kit for MG-047.',12),(160,14,'FA-010S Full Armor ZZ Gundam',NULL,'2000-08-01',6000,NULL,'030',NULL,'Parts variant of MG-026. Removal of Full Armor parts reveals MSZ-010S Enhanced ZZ Gundam.',12),(161,14,'P-Type Mission Pack for F90 Gundam F90',NULL,NULL,0,NULL,'N/A',NULL,'P-Bandai exclusive accessory kit to convert MG F90 Gundam F90 into F90P Gundam F90 Plunge Type; also compatible with MG F90II Gundam F90II. Part of P-Bandai\'s \"F90 A to Z Project\". Tentative release teased with the release of MG F90 Gundam F90[13].',12),(162,14,'Long Rifle & Custom Parts Set for MSN-04 Sazabi',NULL,'2001-12-01',6800,NULL,'2143',NULL,'Resin-cast accessory kit for MG-029.',12),(163,14,'MS-05B Zaku I (Ramba Ral Custom)',NULL,'2000-09-01',2500,NULL,'031',NULL,'Parts and color variant of MG-018. Includes 1/20 and 1/100 scale Ramba Ral figures.',12),(164,14,'Gundam GP01',NULL,'1997-08-01',2500,NULL,'010',NULL,'Includes transformable FF-XII Core Fighter II and Kou Uraki figurine. Water slide decal sheet is sold separately as GD-24. First Gundam kit with leg inner frame parts.',12),(165,14,'RB-79K Ball',NULL,'2005-05-01',2400,NULL,'079 ‎',NULL,'Parts and color variant of MG-076. Water slide decal sheet is sold separately as GD-9.',12),(166,14,'RX-78-4 Gundam G04',NULL,'2003-07-01',2800,NULL,'063',NULL,'Features no inner frame. Includes booster equipment, Mega Beam Launcher, and Ruce Cassel figurine.',12),(167,14,'RX-93 ν Gundam \"Ver.Ka',NULL,'2012-12-01',7000,NULL,'163',NULL,'Redesign of MG-034 with improved articulation and proportions. Uses Emotion Manipulator SP (MP1) plate runner, a new preassembled hand design dual-molded in ABS and polypropylene for high articulation. Features \"Invoke Mode\" gimmick, which consists mainly of a green psychoframe (transformation requires removal of some armor parts). Includes Amuro Ray (blue uniform) figurine, an Amuro insignia display base from MG-095, effect parts for the Fin Funnels, and water slide decal sheet. Neck accommodates Gunpla LED Unit (sold separately). Released to commemorate the 25th anniversary of Char\'s Counterattack.',12),(168,14,'JMF1336R Rising Gundam',NULL,'2002-05-01',0,NULL,'N/A',NULL,'Parts variant of MG-049. Originally announced at the 41st Shizuoka Hobby Show 2002, with the prototype model on display at the event. Plans to release this model never went beyond this announcement.',12),(169,14,'RGZ-95C ReZEL Type C [Defenser B-Unit] [GR]',NULL,'2013-03-01',6500,NULL,'166',NULL,'Parts and color variant of MG-139. Includes Earth Federation pilot figurine and extra backpack to create RGZ-95C ReZEL Type C [Defenser A-Unit] [GR]. Fully transformable kit.',12),(170,14,'Gundam AGE-1 Spallow',NULL,'2012-04-01',3500,NULL,'156',NULL,'Parts variant of MG-153.',12),(171,14,'MS-09 Dom',NULL,'2020-12-21',0,NULL,'218',NULL,'Parts variant of MG-021, with revised inner frame from MG MS-09G Dwadge. Uses Emotion Manipulator SP (MP2) plate runner.',12),(172,14,'FA-010A FAZZ \"Ver.Ka',NULL,'2020-02-01',11000,NULL,'213',NULL,'Parts and color variant of MG-198; redesign of MG-042 with improved articulation and proportions. Includes water slide decal sheet.',12),(173,14,'Musha Gundam Mk-II',NULL,'2010-05-01',6000,NULL,'133',NULL,'Parts and color variant of MG-082. Features gold plated parts. Water slide decal sheet is sold separately as GD-82. China/Hong Kong release includes a set of flower decals.',12),(174,14,'H-Type Mission Pack for F90 Gundam F90',NULL,NULL,0,NULL,'N/A',NULL,'P-Bandai exclusive accessory kit to convert MG F90 Gundam F90 into F90H Gundam F90 Hover Type; also compatible with MG F90II Gundam F90II. Part of P-Bandai\'s \"F90 A to Z Project\". Tentative release teased with the release of MG F90 Gundam F90[12].',12),(175,14,'Gundam GP03S',NULL,'2001-04-01',3500,NULL,'038',NULL,'Includes Kou Uraki figurine and transformable FF-XII-Sp Core Fighter II-Sp, which can be swapped with the Linear Seat type block. Water slide decal sheet is sold separately as GD-24.',12),(176,14,'RX-178 Gundam Mk-II (Titans)',NULL,'1998-08-01',2800,NULL,'015',NULL,'Color variant of MG-014. Includes Titans pilot figurine. Water slide decal sheet is sold separately as GD-7.',12),(177,14,'Gundam RX-78-2 Ver.1.5',NULL,'2000-06-01',3000,NULL,'028',NULL,'Parts variant of MG-001. Features pre-assembled legs and waist inner frame. Includes Beam Javelin and Gundam Hammer. Only MG kit to be designated as \"Ver.1.5\". Released as part of the Gundam 20th Anniversary Big Bang Project.',12),(178,14,'MS-05B Zaku I',NULL,'1999-05-01',2500,NULL,'018',NULL,'Parts and color variant of MG-002. First MG kit to replace \"Zeon Dukedom\" with the official moniker Principality of Zeon.',12),(179,14,'GF13-050NSW Nobel Gundam',NULL,'2002-05-01',0,NULL,'N/A',NULL,'Originally announced at the 41st Shizuoka Hobby Show 2002, with the prototype model on display at the event. Plans to release this model never went beyond this announcement.',12),(180,14,'MS-06M Zaku Marine Type Ver.2.0 Conversion Parts',NULL,'2009-01-01',0,NULL,'2866',NULL,'Resin-cast conversion kit for MG-097.',12),(181,14,'RX-78-2 Gundam Ver.One Year War 0079',NULL,'2005-03-01',3200,NULL,'078',NULL,'Uses the I and J plate runners of MG-028. Includes Gundam Hammer and Amuro Ray figurine. Does not come with a Core Fighter unlike other MG RX-78-2 kits. Water slide decal sheet is sold separately as GD-4. First kit to include articulated hands with pegs and 3-finger parts that can be separated for additional articulation. Released to coincide with the release of PlayStation 2 game Mobile Suit Gundam: The One Year War and the 25th anniversary of Gunpla.',12),(182,14,'GF13-017NJII G Gundam',NULL,'2001-11-01',2500,NULL,'044',NULL,'Uses \"Action Frame\" to increase articulation and posing. Includes two clear orange \"God Finger\" hands, transformable Core Lander and 1/20 and 1/100 scale Domon Kasshu figures. First MG kit from the Future Century timeline.',12),(183,14,'RMS-099 Rick Dias (Quattro Vageena Custom)',NULL,'2004-12-01',3600,NULL,'077',NULL,'Color variant of MG-070. Features parts to make different configurations for the rear skirt, backpack binders, and legs. Includes Quattro Bajeena figurine. Water slide decal sheet is sold separately as GD-11. K runner is not bagged.',12),(184,14,'XXXG-00W0 Wing Gundam Zero',NULL,'2004-10-01',3800,NULL,'075',NULL,'Parts and color variant of MG-069. Includes adjustable display base.',12),(185,14,'MSM-07S Z\'Gok (Char Aznable Custom)',NULL,'2003-11-01',3000,NULL,'066',NULL,'Color variant of MG-061. Includes Char Aznable figurine.',12),(186,14,'FA-178 Full Armor Gundam Mk-II Upgrade Parts',NULL,'2003-12-01',17800,NULL,'2322',NULL,'Resin-cast upgrade kit for MG-014.',12),(187,14,'Gundam GP01Fb',NULL,'1997-12-01',3000,NULL,'012',NULL,'Parts variant of MG-010. Includes transformable FF-XII-Fb Core Fighter II Full Burnern. Water slide decal sheet is sold separately as GD-24.',12),(188,14,'MS-09 Dom',NULL,'1999-06-01',4000,NULL,'021',NULL,'Includes 1/20 and 1/100 scale Ortega figures. Water slide decal sheet is sold separately as GD-15.',12),(189,14,'PF-78-1 Perfect Gundam',NULL,'2003-12-01',4000,NULL,'067',NULL,'Removal of parts reveals an anime-accurate RX-78-2 Gundam. Includes 1/20 and 1/100 scale Shiro Kyoda figures. Instruction manual features a Plamo-Kyoshiro manga.',12),(190,14,'GF13-017NJ Shining Gundam Anime Version Head Parts',NULL,'2002-07-01',1500,NULL,'2198',NULL,'Resin-cast upgrade kit for MG-049.',12),(191,14,'MS-06FZ Zaku II FZ Conversion Parts',NULL,'2004-01-01',13800,NULL,'2328',NULL,'Resin-cast conversion kit for MG-048.',12),(192,14,'GNX-803T GN-XIV',NULL,'2010-10-01',0,NULL,'N/A',NULL,'Parts and color variant of MG-129. Tentative release announced at the 50th All Japan Plamodel Hobby Show 2010, with the prototype model on display[8]. Plans to release this model never went beyond this announcement.',12),(193,14,'ZGMF-X09A Justice Gundam',NULL,'2017-06-01',4800,NULL,'197',NULL,'Uses the I and J plate runners of MG-192. Includes BA-13 Action Base 1, Action Base 1 adapters for the Gundam and Fatum-00 unit, and Athrun Zala figurine. Uses entirely polystyrene.',12),(194,14,'MS-14A Gelgoog (Anavel Gato Custom)',NULL,'2003-02-01',3500,NULL,'059',NULL,'Color variant of MG-008. Includes Prototype Beam Rifle, and 1/20 and 1/100 scale Anavel Gato figures. Water slide decal sheet is sold separately as GD-24.',12),(195,14,'MSA-0011 S-Gundam',NULL,'2002-10-01',6000,NULL,'055',NULL,'Fully transformable kit. Includes Core Fighter and G-Core. Water slide decal sheet is sold separately as GD-21.',12),(196,14,'MS-08TX［EXAM］Efreet Custom Conversion Parts',NULL,'2002-01-01',13800,NULL,'2148',NULL,'Resin-cast conversion kit for MG-032.',12),(197,14,'Gundam RX-78-2 Ver.1.5 HGUC Design Parts: Waist Parts Set',NULL,'2002-03-01',3800,NULL,'2167',NULL,'Resin-cast conversion kit for MG-028.',12),(198,14,'MS-18E Kämpfer',NULL,'2001-01-01',4000,NULL,'035',NULL,'Includes Mikhail Kaminsky figurine. Water slide decal sheet is sold separately as GD-54. Uses Manipulator 2 (MP2) plate runner, a universal hand runner for MG ground-type Principality of Zeon kits.',12),(199,14,'GAT-X105B/FP Build Strike Gundam Full Package',NULL,'2014-01-01',4200,NULL,'176',NULL,'Parts variant of MG-169. Includes Build Booster and multipurpose connector parts for other MG kits, and Sei Iori figurine. Compatible with all MG Striker packs. First MG kit from the Gundam Build Fighters series.',12),(200,14,'RX-0 Unicorn Gundam \"Ver.Ka',NULL,'2007-12-01',5000,NULL,'102',NULL,'Includes Banagher Links figurine. Beam Gatling Gun and Armed Armor DE were sold separately. Water slide decal sheet is sold separately as GD-44. Discontinued following the release of MG-131, but reissued in March 2018 alongside the release of MG-201.',12),(201,14,'XXXG-01W Wing Gundam \"Ver.Ka',NULL,'2004-03-01',3500,NULL,'069',NULL,'Fully transformable kit. Includes Heero Yuy figurine. Water slide decal sheet is sold separately as GD-13. First MG kit from the After Colony timeline.',12),(202,14,'MSN-06S Sinanju \"Ver.Ka',NULL,'2008-12-01',7000,NULL,'116',NULL,'Includes Full Frontal figurine and water slide decal sheet. Rocket Bazooka was sold separately; water slide decal sheet is sold separately as GD-57.',12),(203,14,'ZGMF-X56S/β Sword Impulse Gundam',NULL,'2009-04-01',4500,NULL,'119',NULL,'Color variant of MG-109. Includes two non-articulated hands to hold the Excaliburs. Water slide decal sheet is sold separately as GD-67.',12),(204,14,'GX-9900 Gundam X',NULL,'2014-01-01',3800,NULL,'177',NULL,'Includes Garrod Ran figurine, clear parts and plated stickers for the Microwave Reflectors. First MG kit from the After War era.',12),(205,14,'MS-06R-1A Zaku II (Black Tri-Stars)',NULL,'1999-06-01',3000,NULL,'020',NULL,'Color variant of MG-006; K plate runner with leg armor parts replaced by P plate runner with Giant Bazooka and Shield parts. Includes 1/20 and 1/100 scale Mash figures.',12),(206,14,'GN-001 Gundam Exia',NULL,'2009-07-01',3800,NULL,'123',NULL,'Includes Setsuna F. Seiei and Karel figurines, and a display base for the GN Drive. GN Drive accommodates Gunpla LED Unit (sold separately). Water slide decal sheet is sold separately as GD-69. First MG kit from the Anno Domini timeline.',12),(207,14,'MS-06F-2 Zaku II F2 (Zeon)',NULL,'2002-04-01',3000,NULL,'048',NULL,'Includes Missile Pods, MMP-80 Machine Gun, and Zeon pilot figurine. Water slide decal sheet is sold separately as GD-24.',12),(208,14,'MSM-07 Z\'Gok',NULL,'2003-05-01',3000,NULL,'061',NULL,'Features option to use three-claw or four-claw hands. Includes Zeon pilot figurine.',12),(209,14,'GAT-X103 Buster Gundam',NULL,'2012-09-01',4000,NULL,'160',NULL,'Uses the B, C, D, E, and F plate runners of MG-152. Includes Dearka Elsman figurine. Water slide decal sheet is sold separately with MG ZGMF-X13A Providence Gundam G.U.N.D.A.M. Edition.',12),(210,14,'Gundam RX-78-3',NULL,'1996-03-01',2500,NULL,'004',NULL,'Color variant of MG-001. First MG kit from the MSV series.',12),(211,14,'MS-07B Gouf Ver.2.0',NULL,'2009-05-01',3800,NULL,'120',NULL,'Uses the G and H plate runners of MG-097; redesign of MG-032 with improved articulation and proportions. Includes Ramba Ral and Crowley Hamon figurines. Water slide decal sheet is sold separately as GD-68.',12),(212,14,'MS-06D Zaku Desert Type Ver.2.0 Conversion Parts',NULL,'2008-08-01',16800,NULL,'2836',NULL,'Resin-cast conversion kit for MG-097.',12),(213,14,'RMS-099 Rick Dias',NULL,'2004-05-01',3500,NULL,'070',NULL,'Includes A.E.U.G. pilot figurine. Water slide decal sheet is sold separately as GD-11.',12),(214,14,'RGM-79N GM Custom Anime Version Parts',NULL,'2002-01-01',4800,NULL,'2151',NULL,'Resin-cast upgrade kit for MG-024.',12),(215,14,'Gundam AGE-2 Dark Hound',NULL,'2012-11-01',4200,NULL,'162',NULL,'Parts and color variant of MG-159. Includes Captain Ash figurine. Fully transformable kit.',12),(216,14,'MS-06R-1A Zaku II High Mobility Type Conversion Parts',NULL,'1996-12-21',4500,NULL,'1648',NULL,'Resin-cast conversion kit for MG-003.',12),(217,14,'MS-06K Zakucannon',NULL,'2008-08-01',4500,NULL,'112',NULL,'Parts and color variant of MG-097. Water slide decal sheet is sold separately as GD-58.',12),(218,14,'RX-78XX Gundam Pixy Conversion Parts',NULL,'2002-09-01',12800,NULL,'2208',NULL,'Resin-cast conversion kit for MG-027.',12),(219,14,'GNT-0000/FS 00 Qan[T] Full Saber',NULL,'2018-09-01',5500,NULL,'205',NULL,'Re-release of MG-140 with GN Sword IV Full Saber, new antenna and a modified backpack unit, but without Action Base 2. Includes Setsuna F. Seiei figurine and clear Action Base 5 for GN Sword IV Full Saber. Released to commemorate the 10th anniversary of Gundam 00.',12),(220,14,'Gundam AGE-2 Double Bullet',NULL,'2013-06-01',4200,NULL,'170',NULL,'Parts variant of MG-159.',12),(221,14,'RX-78-6 Mudrock Gundam Conversion Parts',NULL,'2002-12-01',14800,NULL,'2232',NULL,'Resin-cast conversion kit for MG-022.',12),(222,14,'MSM-04 Acguy',NULL,'2005-07-01',4000,NULL,'080',NULL,'Includes effect parts for torpedoes and foot propellers, stub piece to replicate missing right arm in 08th MS Team, display base, and figurines of Akahana, Kikka, Katz, Letz and a Zeon diver. Water slide decal sheet is sold separately as GD-14.',12),(223,14,'LM314V21 Victory Two Gundam \"Ver.Ka',NULL,'2015-12-01',4800,NULL,'191',NULL,'Includes two Gundam heads, two Core Fighters with clear attachments for Action Base 1, a Shahkti Kareen figurine, and water slide decal sheet. \"Wings of Light\" effect parts are sold separately with P-Bandai exclusive accessory kit. Fully transformable kit.',12),(224,14,'PMX-003 The-O',NULL,'2010-08-01',12000,NULL,'137',NULL,'Includes Paptimus Scirocco figurine. Water slide decal sheet is sold separately as GD-90. Released to commemorate the 25th anniversary of Zeta Gundam.',12),(225,14,'LM312V04(B-part)+SD-VB03A Core Booster \"Ver.Ka',NULL,'2010-07-01',2200,NULL,'135',NULL,'Accessory kit for MG-127. Contains two Core Fighters: one for Victory Gundam and one for Victory Gundam Hexa. Includes additional weapons and black BA-1 display base.',12),(226,14,'PF-78-3A Gundam Amazing Red Warrior',NULL,'2015-08-01',4800,NULL,'189',NULL,'Parts and color variant of MG-111. Includes Meijin Kawaguchi the 3rd figurine. First MG kit from the Gundam Build Fighters Try series.',12),(227,14,'XM-X1 Crossbone Gundam X-1 Full Cloth',NULL,'2007-01-01',4500,NULL,'094',NULL,'Parts variant of MG-089.',12),(228,14,'ZGMF-X20A Strike Freedom Gundam',NULL,'2006-12-01',4800,NULL,'093',NULL,'Includes display base, and Kira Yamato and Lacus Clyne figurines. Water slide decal sheet is sold separately as GD-31.',12),(229,14,'GN-0000GNHW/7SG 00 Gundam Seven Sword/G',NULL,'2011-09-01',5500,NULL,'148',NULL,'Parts variant of MG-145. Includes Setsuna F. Seiei (civilian outfit) figurine and original parts to combine the two GN Katars into arm-mounted or handheld twin edge weapon. Chest, GN Drives, and GN Buster Sword II accommodate Gunpla LED Units (sold separately).',12),(230,14,'RGM-79G GM Command Conversion Parts',NULL,'2003-04-01',12800,NULL,'2261',NULL,'Resin-cast conversion kit for MG-050.',12),(231,14,'MSA-0011[Ext] Ex-S Gundam',NULL,'2003-03-01',8000,NULL,'060',NULL,'Parts variant of MG-055. Includes display base for Gundam and Core Fighter. Water slide decal sheet is sold separately as GD-21. Transforms via complex parts-forming.',12),(232,14,'MS-06S Zaku II',NULL,'1995-10-01',2500,NULL,'002',NULL,'Includes Char Aznable figurine. Water slide decal sheet is sold separately as GD-5. First MG kit with leg inner frame parts.',12),(233,14,'RGM-79 GM',NULL,'1999-02-01',2500,NULL,'017',NULL,'Parts and color variant of MG-001. Includes detachable cockpit block and Earth Federation pilot figurine. First MG kit to replace \"U.N.T. Spacy\" with \"E.F.S.F.\" as the official Earth Federation Forces moniker.',12),(234,14,'MS-09G Dwadge Conversion Parts',NULL,'2002-10-01',13800,NULL,'2219',NULL,'Resin-cast conversion kit for MG-021.',12),(235,14,'AMX-004G Qubeley Mass Production Type Conversion Parts',NULL,'2003-08-01',14800,NULL,'2294',NULL,'Resin-cast conversion kit for MG-041.',12),(236,14,'ZGMF-X13A Providence Gundam',NULL,'2017-03-01',5000,NULL,'196',NULL,'Uses the I and J plate runners of MG-192. Uses entirely polystyrene except for the cables, which are TPE. Includes effect parts for DRAGOON units, BA-2 display base, and Rau Le Creuset figurine. Additional effect parts for DRAGOON units and water slide decal sheet are sold separately as P-Bandai exclusive accessory kit.',12),(237,14,'ASW-G-08 Gundam Barbatos',NULL,'2019-12-01',4500,NULL,'212',NULL,'Uses entirely polystyrene. Features plated sliver cylinders and gold inner frame parts; clear green parts for eyes and clear pink parts for emblems. Mace features two detachable blades. Includes Smoothbore Gun and Mikazuki Augus figurine. First release from the Post Disaster timeline. Originally planned to be released in November 2019, but was delayed due to unspecified reasons[4].',12),(238,14,'GF13-011NC Dragon Gundam',NULL,'2002-05-01',0,NULL,'N/A',NULL,'Originally announced at the 41st Shizuoka Hobby Show 2002, with the prototype model on display at the event. Plans to release this model never went beyond this announcement.',12),(239,14,'MSN-06S-2 Sinanju Stein (Narrative Ver.)',NULL,'2019-01-01',7500,NULL,'206',NULL,'Color variant of MG-165 with new \"Sleeves\" parts. Uses Emotion Manipulator SP (MP1) plate runner. Includes Grenade Launcher, a pair of lengthened External Propellant Tanks and leftover Full Frontal pilot and standing figurines from MG-165, but no Zoltan Akkanen figurine.',12),(240,14,'PPGN-001 Gundam Exia Dark Matter',NULL,'2015-02-01',5000,NULL,'185',NULL,'Parts and color variant of MG-123. Includes Meijin Kawaguchi the 3rd figurine, Dark Matter Booster and multipurpose connector parts for other MG kits. Dark Matter Booster accommodates Gunpla LED Unit (sold separately).',12),(241,14,'F90 Gundam F90',NULL,'2006-05-01',0,NULL,'N/A',NULL,'Development announced at the 45th Shizuoka Hobby Show 2006, with a modified version of the original 1990 Gundam F90 kit displayed as a prototype[5]. Plans for this kit did not go beyond this announcement. A new MG kit was released in August 2019 as a P-Bandai exclusive after the release of MG-203.',12),(242,14,'High Detail Action Parts for MS-06J Zaku II Ground Type Foot Parts',NULL,'2001-02-01',2800,NULL,'2057',NULL,'Resin-cast upgrade kit for MG-003.',12),(243,14,'RGM-79C GM Type C Anime Version Parts',NULL,'2002-08-01',9800,NULL,'2248',NULL,'Resin-cast upgrade kit for MG-050.',12),(244,14,'GAT-X303 Aegis Gundam',NULL,'2012-10-01',4800,NULL,'161',NULL,'Includes Athrun Zala figurine. Water slide decal sheet is sold separately with MG ZGMF-X13A Providence Gundam G.U.N.D.A.M. Edition. Fully transformable kit.',12),(245,14,'RX-75-4 Guntank',NULL,'2009-09-01',4800,NULL,'124',NULL,'Includes one Gunpla LED Unit Green, transformable FF-X7 Core Fighter, and figurines of Hayato Kobayashi, Ryu Jose, Bright Noa and Mirai Yashima. Water slide decal sheet is sold separately as GD-73.',12),(246,14,'AMX-004 Qubeley',NULL,'2001-08-01',4000,NULL,'041',NULL,'Includes Haman Karn figurine.',12),(247,14,'AMS-119 Geara Doga',NULL,'2013-07-01',4800,NULL,'171',NULL,'Includes Neo Zeon pilot figurine. Neck accommodates Gunpla LED Unit (sold separately). Last kit to use the Ver.1.0 box and instruction manual format.',12),(248,14,'MS-09RS Rick-Dom (Char Custom)',NULL,'2003-01-01',4500,NULL,'058',NULL,'Color variant of MG-021. Includes Char Aznable figurine.',12),(249,14,'MSN-02 Zeong',NULL,'2002-07-01',6000,NULL,'051',NULL,'Includes display stands (for unit and arms) and Char Aznable figurine.',12),(250,14,'GX-9901-DX Gundam Double X',NULL,'2015-03-01',4500,NULL,'186',NULL,'Uses the B and C plate runners of MG-177. Includes Garrod Ran and Tiffa Adill figurines, clear parts and plated stickers for the Microwave Reflectors.',12),(251,14,'RX-78NT-1 Gundam NT-1 Ver.2.0',NULL,'2019-06-01',5800,NULL,'210',NULL,'Redesign of MG-022 with improved articulation and proportions; uses the K plate runner of MG-111. Features polyethylene joint seals. Includes hyper bazooka, broken V-fin as seen in episode 4 of the OVA, optional headgear based on the SD Gundam BB Senshi versions, and Alfred Izuruha, Bernard Wiseman, and Christina Mackenzie (pilot suit) figurines. Released to commemorate the 30th anniversary of Gundam 0080.',12),(252,14,'GAT-X105E Strike Noir Gundam',NULL,'2007-03-01',4500,NULL,'096',NULL,'Uses the D and F plate runners of MG-065. Includes Sven Cal Bayang figurine. Water slide decal sheet is sold separately as GD-34.',12),(253,14,'MSN-00100 Hyaku-Shiki',NULL,'2001-03-01',4500,NULL,'037',NULL,'Includes Quattro Bajeena figurine. Water slide decal sheet is sold separately as GD-8. First regular released chrome plated MG kit.',12),(254,14,'GF13-017NJII G Gundam Anime Version Head Parts',NULL,'2003-04-01',1500,NULL,'2256',NULL,'Resin-cast upgrade kit for MG-044.',12),(255,14,'GNX-604T Advanced GN-X Conversion Parts',NULL,'2010-08-01',13000,NULL,'2970',NULL,'Resin-cast conversion kit for MG-129.',12),(256,14,'MS-06R-2 Zaku II (Johnny Ridden Custom) Ver.2.0',NULL,'2008-09-01',4500,NULL,'113',NULL,'Parts and color variant of MG-103; redesign of MG-007 with improved articulation and proportions. Includes Johnny Ridden figurine. Water slide decal sheet is sold separately as GD-56.',12),(257,14,'MS-06R-1 Zaku II (Shin Matsunaga Custom)',NULL,'1996-06-01',2800,NULL,'006',NULL,'Parts and color variant of MG-002. Includes Shin Matsunaga figurine.',12),(258,14,'XXXG-00W0 Wing Gundam Zero EW \"Ver.Ka',NULL,'2020-11-01',5500,NULL,'215',NULL,'Redesign of MG-075 with improved articulation and proportions. Includes black BA-13 Action Base 1. Released to commemorate the 25th anniversary of Gundam Wing. Fully transformable kit.',12),(259,14,'MS-14S Gelgoog (Char Aznable Custom) Ver.2.0',NULL,'2007-07-01',4500,NULL,'099',NULL,'Redesign of MG-008 with improved articulation and proportions. Includes a 1/100 scale electric car, and figurines of Char Aznable and Lalah Sun to replicate a scene from episode 37. Water slide decal sheet is sold separately as GD-41.',12),(260,14,'MSZ-010 ZZ Gundam \"Ver.Ka',NULL,'2017-09-01',6000,NULL,'198',NULL,'Redesign of MG-026 with improved articulation and proportions. Features silver metallic detail parts. Includes two transformable FXA-07GB Neo Core Fighters, Action Base 1 adapter for Core Top, Judau Ashta figurine (Double Beam Rifle features Iino Abbav figurine), and water slide decal sheet. Released to commemorate the 30th anniversary of Gundam ZZ. Fully transformable kit.',12),(261,14,'RX-77D Guncannon Mass Production Type Conversion Parts',NULL,'2004-04-01',14800,NULL,'2344',NULL,'Resin-cast conversion kit for MG-045.',12),(262,14,'RX-0 Full Armor Unicorn Gundam \"Ver.Ka',NULL,'2011-12-01',8000,NULL,'150',NULL,'Parts variant of MG-102 with green psychoframe and Y plate runner for improved knee articulation and leg hardpoints for Grenade racks. Includes Banagher Links figurine, two MG-exclusive Hyper Beam Javelin, and parts to create Type 94 Base Jabber (includes two Earth Federation pilot figurines) for normal Unicorn Gundam. Armed Armor DE was sold separately.',12),(263,14,'Gundam RX-78-2 Ver.1.5 HGUC Design Parts: Body Parts Set',NULL,'2002-03-01',3800,NULL,'2168',NULL,'Resin-cast conversion kit for MG-028.',12),(264,14,'XXXG-01S Shenlong Gundam EW',NULL,'2011-03-01',3800,NULL,'143',NULL,'Uses the XA and XB plate runners of MG-138. Includes Chang Wufei figurine. Water slide decal sheet is sold separately as GD-92.',12),(265,14,'MS-09R-2 Rick Dom II Conversion Parts',NULL,'2002-05-01',14800,NULL,'2180',NULL,'Resin-cast upgrade kit for MG-023.',12),(266,14,'XXXG-01W Wing Gundam',NULL,'2010-04-01',4000,NULL,'132',NULL,'Includes Heero Yuy (in episode 1 school uniform) figurine. Water slide decal sheet is sold separately as GD-81. Released to commemorate the 15th anniversary of Gundam Wing. Fully transformable kit.',12),(267,14,'PF-78-1 Perfect Gundam (Katsumi Kawaguchi Produce Version)',NULL,'2004-05-01',0,NULL,'N/A',NULL,'Color variant of MG-067. Originally announced at the 43rd Shizuoka Hobby Show 2004, with the prototype model on display at the event. Plans to release this model never went beyond this announcement.',12),(268,14,'MSM-03 Gogg',NULL,'2003-06-01',3500,NULL,'062',NULL,'Features foldable arms for cruising mode. Includes Zeon pilot figurine.',12),(269,14,'MSN-04 Sazabi \"Ver.Ka',NULL,'2013-12-01',9000,NULL,'175',NULL,'Redesign of MG-029 with improved articulation and proportions. First and currently the only regular release MG kit to use Emotion Manipulator SP (MP2) plate runner, a new hand design using the same dual molding technique as the earlier Emotion Manipulator SP (MP1) plate runner. Features \"Invoke Mode\", which consists of opening armor hatches. Includes Long Rifle seen in illustrations, Char Aznable figurine, and water slide decal sheet. Neck accommodates Gunpla LED Unit (sold separately). Funnel effect parts are sold separately as P-Bandai exclusive accessory kit.',12),(270,14,'GN-0000+GNR-010 00 Raiser',NULL,'2011-05-01',6500,NULL,'145',NULL,'Includes Setsuna F. Seiei (civilian outfit) and Saji Crossroad figurines, and GN Condensers to create GN-0000RE+GNR-010 00 Raiser GN Condenser Type. Chest, GN Drives, and O Raiser binders accommodate Gunpla LED Units (sold separately).',12),(271,14,'MS-06F-2 Zaku II F2 (E.F.S.F)',NULL,'2002-09-01',3000,NULL,'054',NULL,'Color variant of MG-048 with new head armor; Missile Pods and MMP-80 Machine Gun replaced by MMP-78 Machine Gun and Heat Hawk. Includes Earth Federation pilot figurine. Water slide decal sheet is sold separately as GD-24.',12),(272,14,'GNX-603T GN-X',NULL,'2010-01-01',3600,NULL,'129',NULL,'Uses the F and H plate runners of MG-123. Includes Soma Peries and Sergei Smirnov figurines and a display base for the GN Drive Tau unit. GN Drive Tau accommodates Gunpla LED Unit (sold separately). Water slide decal sheet is sold separately as GD-80.',12),(273,14,'Ballute System for RMS-106 Hi-Zack',NULL,'2005-05-01',14800,NULL,'2433',NULL,'Resin-cast accessory kit for MG-073.',12),(274,14,'RGM-79 GM Ver.1.5 Conversion Parts',NULL,'2001-11-01',4800,NULL,'2135',NULL,'Resin-cast conversion kit for MG-028.',12),(275,14,'RMS-108 Marasai',NULL,'2012-05-01',4000,NULL,'157',NULL,'Includes Titans pilot figurine, \"round forming joint\" custom attachment for Action Base 1, and adapter parts for the optional Ballute System. Upper torso accommodates Gunpla LED Unit (sold separately).',12),(276,14,'AGE-3 Gundam AGE-3 Normal',NULL,'2012-11-01',0,NULL,'N/A',NULL,'Tentative release announced at Gunpla Expo World Tour 2012 Japan, with the prototype model on display at the event[9]. Plans to release this model never went beyond this announcement.',12),(277,14,'AMX-004-2 Qubeley Mk-II (Elpeo Ple Custom)',NULL,'2009-11-01',4000,NULL,'126',NULL,'Color variant of MG-041. Includes 1/20 and 1/100 scale Elpeo Ple figures and custom decals designed by Pepper Shop.',12),(278,14,'MS-06F/J Zaku II',NULL,'1995-10-01',2500,NULL,'003',NULL,'Color variant of MG-002. Includes Missile Pods, MMP-80 Machine Gun, Cracker Grenades, and Zeon pilot figurine. Water slide decal sheet is sold separately as GD-5.',12),(279,14,'GAT-X105 Aile Strike Gundam Ver.RM',NULL,'2013-05-01',4200,NULL,'169',NULL,'Redesign of MG-065 with improved articulation and proportions. Includes Kira Yamato and Mu La Flaga figurines, stand from MG-065, MG-090 (Re-color version) and MG-108, and battery pack to create GAT-X105+AQM/E-YM1 Perfect Strike Gundam. Uses the B, C, D, E, and F plate runners of MG-152. Water slide decal sheet is sold separately as GD-91 and bundled with MG ZGMF-X13A Providence Gundam G.U.N.D.A.M. Edition.',12),(280,14,'MBF-02 Strike Rouge',NULL,'2004-09-01',4000,NULL,'074',NULL,'Color variant of MG-065. Includes 1/20 and 1/100 scale Cagalli Yula Athha figures.',12),(281,14,'MSR-00100 Hyaku Shiki Kai Conversion Parts',NULL,'2002-07-01',12800,NULL,'2194',NULL,'Resin-cast conversion kit for MG-037.',12),(282,14,'MS-09R Rick-Dom',NULL,'1999-10-01',4000,NULL,'023',NULL,'Parts variant of MG-021; G and L plate runners replaced by N and O plate runners. Includes Zeon pilot figurine. Water slide decal sheet is sold separately as GD-15.',12),(283,14,'MS-09H Dwadge Custom Conversion Parts',NULL,'2002-12-01',14800,NULL,'2235',NULL,'Resin-cast conversion kit for MG-021.',12),(284,14,'ZGMF-X56S/α Force Impulse Gundam',NULL,'2008-05-01',4500,NULL,'109',NULL,'Includes Silhouette Flyer, figurines of Shinn Asuka and Lunamaria Hawke, connector piece which allows compatibility with MG Striker Packs, and a part of Sword Impulse\'s Excalibur to replicate a scene from episode 34. Water slide decal sheet is sold separately as GD-50. Fully transformable kit.',12),(285,14,'RX-77-2 Guncannon',NULL,'2001-12-01',3000,NULL,'045',NULL,'Includes Spray Missiles, transformable FF-X7 Core Fighter and Kai Shiden figurine. Water slide decal sheet is sold separately as GD-12.',12),(286,14,'RX-93-ν2 Hi-ν Gundam Conversion Parts',NULL,'2002-02-01',14800,NULL,'2155',NULL,'Resin-cast upgrade for MG-034.',12),(287,14,'侍ノ弐 Sengoku Astray Gundam',NULL,'2014-02-01',5000,NULL,'178',NULL,'Parts variant of MG-130. Includes Oni no Tate and multipurpose connector parts for other MG kits, and Nils Nielsen figurine.',12),(288,14,'OZ-13MS Gundam Epyon EW',NULL,'2011-06-01',4800,NULL,'146',NULL,'Includes Milliardo Peacecraft figurine. Water slide decal sheet is sold separately as GD-98. First official Katoki redesign of the Gundam Epyon. Fully transformable kit.',12),(289,14,'RGZ-95 ReZEL',NULL,'2010-10-01',4800,NULL,'139',NULL,'Includes two Riddhe Marcenas figurines and Action Base 1 adapter for Wave Rider mode. Fully transformable kit.',12),(290,14,'RGM-79SP GM Sniper II',NULL,'2017-01-01',3800,NULL,'195',NULL,'Uses the H, I, and J plate runners of MG-111 and the MP plate runner of MG-153. Features WP plate runner, which is a universal weapons runner for some MG Earth Federation kits. Includes Earth Federation pilot figurine. Water slide decal sheet is sold separately as GD-118.',12),(291,14,'MSN-04II Nightingale',NULL,'2020-12-21',0,NULL,'N/A',NULL,'Originally announced at Gunpla Expo World Tour 2010 Japan, with the prototype model on display at the event. Plans to release this model were canceled, but it resurfaced in 2014 as the first Reborn-One Hundred kit.',12),(292,14,'RX-78GP04G Gundam GP04G Conversion Parts',NULL,'2004-09-01',24800,NULL,'2380',NULL,'Resin-cast conversion kit for MG-010.',12),(293,14,'RX-79BD-1 Blue Destiny Unit 1 Conversion Parts',NULL,'2001-02-01',12800,NULL,'2067',NULL,'Resin-cast conversion kit for MG-027.',12),(294,14,'UB-01 Universe Booster',NULL,'2014-03-01',2800,NULL,'181',NULL,'Accessory kit for MG-176. Includes BA-1 display base, extra parts to convert MG-176 into GAT-X105B/ST Star Build Strike Gundam, effect parts, and multipurpose connector parts for other MG kits.',12),(295,14,'ZGMF-1000/A1 Gunner ZAKU Warrior (Lunamaria Hawke Custom)',NULL,'2019-09-01',4300,NULL,'211',NULL,'Includes Lunamaria Hawke figurine. Leg hoses are preassembled using ABS-PP dual-molding technique. Uses entirely polystyrene except for the leg and backpack hoses. Released to commemorate the 15th anniversary of Gundam SEED Destiny.',12),(296,14,'XM-X1 Crossbone Gundam X1 \"Ver.Ka',NULL,'2006-09-01',3500,NULL,'089',NULL,'Uses the F and G plate runners of MG-087. Includes transformable Core Fighter, Scissor Anchor, Anti Beam Coating Cloak, Tobia Arronax figurine, an extra \"Skull Heart\" chest piece, and extra back skirt parts to create XM-X1 Crossbone Gundam X1 Kai or X1 Kai Kai. Water slide decal sheet is sold separately as GD-33.',12),(297,14,'XXXG-00W0 Wing Gundam Proto Zero EW',NULL,'2013-10-01',4800,NULL,'174',NULL,'Includes BA-2 display base with adapter for Neo Bird mode and a Heero Yuy figurine. Water slide decal sheet is sold separately as GD-93. First official Katoki redesign of the Wing Gundam Zero TV Version. Fully transformable kit.',12),(298,14,'GF13-001NH Kowloon Gundam Conversion Parts',NULL,'2003-09-01',13800,NULL,'2303',NULL,'Resin-cast conversion kit for MG-047.',12),(299,14,'MS-06R Zaku II High Mobility Type \"Psycho Zaku\" [Gundam Thunderbolt] \"Ver.Ka',NULL,'2016-12-01',9000,NULL,'194',NULL,'Parts and color variant of MG-103. Features polyethylene joint seals. Includes Base 5 display base, stand for propellant tank, Daryl Lorenz figurine, and water slide decal sheet (metallic silver in initial releases of the kit). First MG kit to have bilingual Japanese/English text on its box packaging and instruction manual.',12),(300,14,'RGM-79 GM Ver.2.0',NULL,'2009-02-01',3500,NULL,'118',NULL,'Parts and color variant of MG-111; redesign of MG-017 with improved articulation and proportions. Features the option to use two-piece or three-piece front skirt armor. Includes removable cockpit block and Earth Federation pilot figurine. Water slide decal sheet is sold separately as GD-61. Like MG-111, this kit is designed to closely resemble the anime line art and shares the same inner frame and weapon parts.',12),(301,14,'RGM-79[G] GM Sniper',NULL,'2006-11-01',3500,NULL,'092',NULL,'Parts and color variant of MG-040. Includes camouflage net and Earth Federation pilot figurine.',12),(302,14,'Gundam RX-78 NT-1',NULL,'1999-06-01',3000,NULL,'022',NULL,'Includes Christina Mackenzie figurine and detachable Chobham Armor. Water slide decal sheet is sold separately as GD-53.',12),(303,14,'RX-78-2 Gundam Ver.Ka',NULL,'2002-12-01',3200,NULL,'057',NULL,'Parts and color variant of MG-050. Includes a non-transformable Core Block and MG-050\'s cockpit block. Water slide decal sheet is sold separately as GD-2. First release of a MS redesigned by Hajime Katoki. First Gundam kit to have a fully transformable FF-X7 Core Fighter with a collapsible tail fin.',12),(304,14,'MS-14Jg Gelgoog Jäger',NULL,'2002-03-01',12800,NULL,'2164',NULL,'Resin-cast conversion kit for MG-008.',12),(305,14,'FA-010-A FAZZ',NULL,'2001-09-01',6000,NULL,'042',NULL,'Parts and color variant of MG-030. Water slide decal sheet is sold separately as GD-21.',12),(306,14,'Gundam AGE-1 Normal',NULL,'2012-02-01',3500,NULL,'153',NULL,'Features a specialized Inner Frame system. Includes Flit Asuno figurine. First MG kit from the Advanced Generation timeline.',12),(307,14,'GF13-006NA Gundam Maxter',NULL,'2002-05-01',0,NULL,'N/A',NULL,'Originally announced at the 41st Shizuoka Hobby Show 2002, with the prototype model on display at the event. Plans to release this model never went beyond this announcement.',12),(308,14,'WD-M01 ∀ Gundam',NULL,'2007-08-01',3800,NULL,'100',NULL,'Includes Rolan Cehack figurine, transformable Core Fighter, and a cow figurine to replicate scenes from the anime. \"Moonlight Butterfly\" effect parts are sold separately with P-Bandai exclusive accessory kit. First MG kit from the Correct Century timeline. Selected by poll to be the 100th MG released. First MG kit to have stencilled letters on the runners rather than embossed to aid identification.',12),(309,14,'XXXG-01D Gundam Deathscythe EW',NULL,'2010-09-01',3800,NULL,'138',NULL,'Includes Duo Maxwell figurine. Water slide decal sheet is sold separately as GD-88.',12),(310,14,'MSZ-006 Zeta Gundam Ver.2.0',NULL,'2005-12-01',5000,NULL,'083',NULL,'Redesign of MG-005 with improved articulation and proportions. Fully transformable kit. Includes Hyper Mega Launcher, Grenade Launcher packs, Fa Yuiry and hangar personnel figurines, and custom launchpad that links with MG-082\'s launchpad. Water slide decal sheet is sold separately as GD-20.',12),(311,14,'MSN-06S Sinanju Stein \"Ver.Ka',NULL,'2013-02-01',7000,NULL,'165',NULL,'Parts and color variant of MG-116. Uses Emotion Manipulator SP (MP1) plate runner. Includes Rocket Bazooka and water slide decal sheet.',12),(312,14,'MBF-02+EW454F Strike Rouge + Ootori Ver.RM',NULL,'2013-09-01',4200,NULL,'173',NULL,'Color variant of MG-169; redesign of MG-074 with improved articulation and proportions. Includes Cagalli Yula Athha figurine, and Ootori first seen in the opening of Phase 14 of SEED Destiny Remastered. Compatible with the Aile Striker from MG-169, the I.W.S.P. from MG-090 and MG-104, and both Sword and Launcher Striker from MG-108.',12),(313,14,'RGM-79C GM Type C (Earth Type)',NULL,'2002-06-01',2500,NULL,'050',NULL,'Features modular gun that can be converted into 90mm Machine Gun or GM Rifle. Includes Beam Spray Gun, detachable cockpit block, and Earth Federation pilot figurine. Water slide decal sheet is sold separately as GD-24.',12),(314,14,'MS-06R-1A Zaku II (Black Tri-Stars) Ver.2.0',NULL,'2008-01-01',4500,NULL,'103',NULL,'Parts and color variant of MG-097; redesign of MG-020 with improved articulation and proportions. Includes Black Tri-Stars figurine. Water slide decal sheet is sold separately as GD-45.',12),(315,14,'MBF-P03D Gundam Astray Blue Frame D',NULL,'2014-11-01',5000,NULL,'184',NULL,'Parts and color variant of MG-125. Includes display base and Gai Murakumo and Elsa Weiss figurines. Formation Base for DRAGOON units is sold separately with P-Bandai exclusive accessory kit.',12),(316,14,'MS-14A Gelgoog',NULL,'1997-09-01',3000,NULL,'011',NULL,'Parts and color variant of MG-008. Uses modified A plate runner of MG-009. Beam Rifle replaced by Beam Machine Gun. Includes Zeon pilot figurine.',12),(317,14,'MSN-00100 Hyaku-Shiki + Ballute Pack',NULL,'2005-09-01',4000,NULL,'081',NULL,'Non-chrome plated variant of MG-037 with Ballute System.',12),(318,14,'RGZ-91 Re-GZ',NULL,'2001-06-01',4000,NULL,'039',NULL,'Includes Amuro Ray figurine and display stand for Wave Rider mode or Back Weapon System. Water slide decal sheet is sold separately as GD-23.',12),(319,14,'MS-09 Dom Anime Version Arm Parts Set',NULL,'2003-04-01',3800,NULL,'2265',NULL,'Resin-cast upgrade kit for MG-021.',12),(320,14,'MS-08TX Efreet Conversion Parts',NULL,'2002-04-01',12800,NULL,'2173',NULL,'Resin-cast conversion kit for MG-032.',12),(321,14,'RGC-80 GM Cannon Conversion Parts',NULL,'2000-02-01',6500,NULL,'1948',NULL,'Resin-cast conversion kit for MG-017.',12),(322,14,'MS-09R Rick Dom',NULL,'2020-12-21',0,NULL,'219',NULL,'Parts variant of MG-218; enhanced version of MG-023 with revised inner frame from MG MS-09G Dwadge. Uses Emotion Manipulator SP (MP2) plate runner.',12),(323,14,'Gundam RX-78-2 Ver.1.5 High Mobility Type Parts',NULL,'2002-10-01',9800,NULL,'2217',NULL,'Resin-cast upgrade kit for MG-028.',12),(324,14,'GAT-X105 Aile Strike Gundam',NULL,'2003-10-01',3800,NULL,'065',NULL,'Includes Kira Yamato figurine and display base to replicate the Archangel launch pad. First MG kit from the Cosmic Era timeline.',12),(325,14,'RGM-86R GM III Conversion Parts',NULL,'2004-05-01',14800,NULL,'2358',NULL,'Resin-cast conversion kit for MG-017.',12),(326,14,'RGM-79N GM Custom',NULL,'1999-12-01',3000,NULL,'024',NULL,'Uses the B plate runner of MG-022. Includes 90mm Machine Gun as seen in episode 3 of the OVA, and 1/20 and 1/100 scale South Burning figures. Water slide decal sheet is sold separately as GD-24.',12),(327,14,'F91 Gundam F91 (Harrison Madin Custom)',NULL,'2006-11-01',3000,NULL,'091',NULL,'Color variant of MG-087 with new right forearm armor; without Rafflesia display stand. Includes Harrison Madin figurine.',12),(328,14,'RGM-79SC GM Sniper Custom',NULL,'2017-11-01',4000,NULL,'199',NULL,'Parts and color variant of MG-118. Includes Earth Federation pilot figurine.',12),(329,14,'MS-06F2 Zaku II F2 Anime Version Parts',NULL,'2002-11-01',12800,NULL,'2225',NULL,'Resin-cast upgrade kit for MG-048.',12),(330,14,'MSN-02 Perfect Zeong',NULL,'2004-06-01',10000,NULL,'071',NULL,'Parts variant of MG-051.',12),(331,14,'Gundam RX-78-2 Ver.1.5 HGUC Design Parts: Arm Parts Set',NULL,'2002-03-01',3800,NULL,'2169',NULL,'Resin-cast conversion kit for MG-028.',12),(332,14,'GN-001 Gundam Exia Roll Out Color',NULL,'2009-08-01',0,NULL,'N/A',NULL,'Color variant of MG-123. Originally announced at Gunpla Big Expo Tokyo 2009 as a Bandai Hobby Online Shop exclusive, with the prototype model on display[7]. Plans to release this model never went beyond this announcement.',12),(333,14,'MS-06F Zaku Minelayer Conversion Parts',NULL,'1996-12-21',5000,NULL,'1677',NULL,'Resin-cast conversion kit for MG-003.',12),(334,14,'MS-07B-3 Gouf Custom',NULL,'2001-02-01',3000,NULL,'036',NULL,'Includes 1/20 and 1/100 scale Norris Packard figures.',12),(335,14,'MSZ-010 ΖΖ Gundam',NULL,'1999-12-01',4000,NULL,'026',NULL,'Includes transformable FXA-07GB Neo Core Fighter, semi-transformable Core Block, and Judau Ashta figurine. Fully transformable kit.',12),(336,14,'MS-06J Zaku II \"White Ogre',NULL,'2009-06-01',3500,NULL,'122',NULL,'Color variant of MG-097. Includes Zaku Bazooka ammo packs.',12),(337,14,'Gundam Ez8',NULL,'2000-10-01',3000,NULL,'033',NULL,'Parts and color variant of MG-027. Includes 1/20 and 1/100 scale Shiro Amada figures. Uses Manipulator 1 (MP1) plate runner.',12),(338,14,'RX-78-3 Gundam Ver.2.0',NULL,'2009-12-01',4200,NULL,'128',NULL,'Color variant of MG-111; redesign of MG-004 with improved articulation and proportions.',12),(339,14,'G Fighter',NULL,'2009-01-01',5600,NULL,'117',NULL,'Accessory kit for MG-111. Includes figurines of Sayla Mass, Sleggar Law, and two hangar crew members. Water slide decal sheet is sold separately as GD-62.',12),(340,14,'GAT-X105 Launcher/Sword Strike Gundam',NULL,'2008-04-01',5000,NULL,'108',NULL,'Parts and color variant of MG-065. Water slide decal sheet is sold separately as GD-49.',12),(341,14,'MS-06R-2 Johnny Ridden\'s Zaku High Mobility Conversion Parts',NULL,'1996-12-21',6500,NULL,'1651',NULL,'Resin-cast conversion kit for MG-003.',12),(342,14,'Gundam RX-78-2',NULL,'1995-07-01',2500,NULL,'001',NULL,'Features markings pre-printed on shoulder armor parts. Includes transformable FF-X7 Core Fighter and Amuro Ray figurine. First Master Grade kit, also the first Gundam kit to be given the correct designation \"RX-78-2\".',12),(343,14,'RX-78-2 Gundam Ver.2.0',NULL,'2008-07-01',4200,NULL,'111',NULL,'Includes two Amuro Ray figurines and a clear display stand for FF-X7 Core Fighter. Water slide decal sheet is sold separately as GD-52/60. Released to commemorate the 30th anniversary of Gundam, this kit is designed to closely resemble the anime line art.',12),(344,14,'RGM-79 Powered GM Conversion Parts',NULL,'2004-03-01',12800,NULL,'2339',NULL,'Resin-cast conversion kit for MG-050.',12),(345,14,'FA-78 Full Armor Gundam [Gundam Thunderbolt] \"Ver.Ka',NULL,'2016-07-01',7000,NULL,'193',NULL,'Features polyethylene joint seals and a functional emergency pod. Includes display base, Io Fleming figurine, and water slide decal sheet. Beam Rifle and Hyper Bazooka are sold separately with P-Bandai exclusive accessory kit. Released to coincide with the Blu-ray release of Mobile Suit Gundam Thunderbolt: December Sky.',12),(346,14,'LM312V04/06 Victory Gundam \"Ver.Ka',NULL,'2009-12-01',3800,NULL,'127',NULL,'Includes Üso Ewin figurine and a Core Fighter to create LM312V06 Victory Gundam Hexa. Also includes an extra PE-molded V-fin as a callback to most HGVG kits. Water slide decal sheet is sold separately as GD-75. Fully transformable kit. First MG kit to use swappable fingers for hands with an articulated thumb, which would become the standard for MG kits that do not use Emotion Manipulator SP plate runner.',12),(347,14,'RGM-79[G] GM',NULL,'2001-07-01',3000,NULL,'040',NULL,'Parts and color variant of MG-027. Uses Manipulator 1 (MP1) plate runner.',12),(348,14,'FA-78-1 Full Armor Gundam Ver.Ka Conversion Parts',NULL,'2001-10-01',12800,NULL,'2126',NULL,'Resin-cast conversion kit for MG-028.',12),(349,14,'GNT-0000 00 Qan[T]',NULL,'2010-11-01',4500,NULL,'140',NULL,'Includes Setsuna F. Seiei figurine and black Action Base 2 for GN Sword V in Buster Rifle mode. Chest accommodates Gunpla LED Unit (sold separately). Water slide decal sheet is sold separately as GD-89. As an undocumented feature, armor parts can be removed and GN Condensers in the arms and legs can be extended to recreate Quantum Burst mode.',12),(350,14,'MSN-06S Sinanju (OVA Ver.)',NULL,'2013-03-01',7500,NULL,'167',NULL,'Color variant of MG-116, with inner frame materials changed from ABS to polystyrene, hence reducing the risk of peg breakage that modelers experienced with the original kit. Includes Rocket Bazooka of MG-165 with a different handle, and water slide decal sheet. First MG kit to use entirely polystyrene.',12),(351,14,'MS-05B Zaku I Conversion Parts',NULL,'1996-12-21',5000,NULL,'?',NULL,'Resin-cast conversion kit for MG-003.',12),(352,14,'ZGMF-X10A Freedom Gundam Ver.2.0',NULL,'2016-04-01',4500,NULL,'192',NULL,'Redesign of MG-072 with improved articulation and proportions. Includes BA-2 display base and Kira Yamato figurine. Effect parts and water slide decal sheet are sold separately as P-Bandai exclusive accessory kit; water slide decal sheet is also bundled with MG ZGMF-X13A Providence Gundam G.U.N.D.A.M. Edition. Uses entirely polystyrene.',12),(353,14,'MS-06E Zaku Reconnaissance Type Conversion Parts',NULL,'2005-07-01',19800,NULL,'2451',NULL,'Resin-cast upgrade kit for MG-003.',12),(354,14,'XXXG-01Wfr Gundam Fenice Rinascita',NULL,'2015-06-01',4800,NULL,'188',NULL,'Uses the F, G, and H plate runners of MG-132. Includes Ricardo Fellini figurine and a redesigned BA-13 Action Base 1. Fully transformable kit.',12),(355,14,'MSN-001A1 Delta Plus',NULL,'2011-08-01',4500,NULL,'147',NULL,'Includes Riddhe Marcenas and Audrey Burne figurines, and additional parts to support the frame in Wave Rider mode. Fully transformable kit.',12),(356,14,'RX-178B Build Gundam Mk-II',NULL,'2014-03-01',5000,NULL,'180',NULL,'Color variant of MG-082. Launchpad replaced by MG Build Booster Mk-II. Includes Reiji an the original kit\'s figurines, and multipurpose connector parts for other MG kits.',12),(357,14,'RGM-79SP GM Sniper II Conversion Parts',NULL,'2004-02-01',13800,NULL,'2333',NULL,'Resin-cast conversion kit for MG-024.',12),(358,14,'MBF-P03R Gundam Astray Blue Frame Second Revise',NULL,'2009-10-01',4800,NULL,'125',NULL,'Includes Gai Murakumo figurine and blue Action Base 2 with adapter for the Tactical Arms II. Initial releases included an extra runner with adapter parts to fit Striker Packs from the 1/100 Gundam SEED Model Series. Water slide decal sheet is sold separately as GD-74.',12),(359,14,'RX-178 Gundam Mk-II (Titans) Ver.2.0',NULL,'2006-03-01',3500,NULL,'085',NULL,'Color variant of MG-082; redesign of MG-015 with improved articulation and proportions. Includes Titans pilot figurine. Launchpad display and hangar personnel figurines not included.',12),(360,14,'A-Type Mission Pack for F90 Gundam F90',NULL,NULL,0,NULL,'N/A',NULL,'P-Bandai exclusive accessory kit to convert MG F90 Gundam F90 into F90A Gundam F90 Assault Type; also compatible with MG F90II Gundam F90II. Part of P-Bandai\'s \"F90 A to Z Project\". Tentative release teased with the release of MG F90 Gundam F90[11].',12),(361,14,'MS-06S Zaku II (Char Aznable Custom) Ver.2.0',NULL,'2007-05-01',3500,NULL,'098',NULL,'Parts and color variant of MG-097; redesign of MG-002 with improved articulation and proportions. Missile Pods replaced by Lift unit. Includes Char Aznable figurine. Water slide decal sheet is sold separately as GD-41.',12),(362,14,'MS-14B/C Gelgoog Cannon (J. Ridden Custom)',NULL,'1997-03-01',3000,NULL,'009',NULL,'Parts and color variant of MG-008. Includes Johnny Ridden figurine and parts to create MS-14B Gelgoog High Mobility Type.',12),(363,14,'V-Type Mission Pack for F90 Gundam F90',NULL,NULL,0,NULL,'N/A',NULL,'P-Bandai exclusive accessory kit to convert MG F90 Gundam F90 into F90V Gundam F90 VSBR Type; also compatible with MG F90II Gundam F90II. Part of P-Bandai\'s \"F90 A to Z Project\". Tentative release teased with the release of MG F90 Gundam F90[14].',12),(364,14,'GAT-X105 Strike Gundam + I.W.S.P.',NULL,'2006-10-01',4200,NULL,'090  ‎',NULL,'Parts and color variant of MG-065. Includes display base and Sven Cal Bayang figurine.',12),(365,14,'MS-06F Zaku II Ver.2.0',NULL,'2008-03-01',3500,NULL,'106',NULL,'Parts variant of MG-097. Includes parts to convert Zaku Bazooka into Giant Bazooka, and a colony hatch dial piece for Action Base 1 to replicate scene from episode 1 of the TV series.',12),(366,14,'RMS-106 Hi-Zack',NULL,'2004-08-01',3000,NULL,'073',NULL,'Includes Beam Rifle, Heat Hawk, Beam Saber, Missile Pod, and Jerid Messa figurine. Water slide decal sheet is sold separately as GD-6.',12),(367,14,'RGM-79F Desert GM Conversion Parts',NULL,'2004-07-01',14800,NULL,'2351',NULL,'Resin-cast conversion kit for MG-017.',12),(368,14,'F91 Gundam F91',NULL,'2006-07-01',3200,NULL,'087',NULL,'Includes Seabook Arno figurine, and XMA-01 Rafflesia display base with Iron Mask figurine. Water slide decal sheet is sold separately as GD-25. First MG kit to not include any polycaps.',12),(369,14,'RX-78-1 Gundam Ver.One Year War 0079 Conversion Parts',NULL,'2006-02-01',4800,NULL,'2525',NULL,'Resin-cast conversion kit for MG-028.',12),(370,14,'GF13-001NHII Master Gundam',NULL,'2002-03-01',2800,NULL,'047',NULL,'Uses \"Action Frame\" to increase articulation and posing. Includes metal wires for \"Distant Crusher\" poses, four clear red \"Darkness Finger\" hands (one for MG-044 to replicate a battle scene from the series), and 1/20 and 1/100 scale Master Asia figures.',12),(371,14,'RGZ-95C ReZEL Commander Type',NULL,'2011-01-01',5000,NULL,'141',NULL,'Parts and color variant of MG-139. Includes Norm Basilicock figurine. Fully transformable kit.',12),(372,14,'MS-21C Dra-C Conversion Parts',NULL,'2003-11-01',14800,NULL,'2318',NULL,'Resin-cast conversion kit for MG-048.',12),(373,14,'AMX-004-3 Qubeley Mk-II',NULL,'2004-02-01',4000,NULL,'068',NULL,'Color variant of MG-041. Includes 1/20 and 1/100 scale Ple Two figures and custom decals designed by Pepper Shop.',12),(374,14,'XXXG-01D2 Gundam Deathscythe Hell',NULL,'2011-02-01',4500,NULL,'142',NULL,'Parts and color variant of MG-138.',12),(375,14,'MSZ-006 Zeta Gundam',NULL,'1996-04-01',3000,NULL,'005',NULL,'Features stabilizer with pre-printed markings and LED light-up gimmick (requires CR1220 battery). Includes Hyper Mega Launcher, Grenade Launcher, and Kamille Bidan figurine. Water slide decal sheet is sold separately as GD-1. First transformable MG.',12),(376,14,'MSN-04 Sazabi',NULL,'2000-07-01',8000,NULL,'029',NULL,'Includes Char Aznable figurine. Water slide decal sheet is sold separately as GD-23.',12),(377,14,'MSZ-006C1 Ζeta plus C1',NULL,'2002-02-01',3000,NULL,'046',NULL,'Parts and color variant of MG-043. Includes Earth Federation pilot figurine. Water slide decal sheet is sold separately as GD-21. Fully transformable kit.',12),(378,14,'YMS-15 Gyan',NULL,'2006-05-01',3600,NULL,'086',NULL,'Features LED light-up beam saber (requires one CR1220 watch battery). Includes non-LED beam saber, three hide bombs, effect parts for Needle Missiles, and one 1/20 and two 1/100 scale M\'Quve figurines. Water slide decal sheet is sold separately as GD-26.',12),(379,14,'Gundam AGE-1 Titus',NULL,'2012-03-01',3500,NULL,'154',NULL,'Parts variant of MG-153.',12),(380,14,'RB-79 Ball (Shark Mouth)',NULL,'2006-08-01',2200,NULL,'088',NULL,'Color variant of MG-076.',12),(381,14,'RB-79 Mobile Pod Ball \"Ver.Ka',NULL,'2004-12-01',2000,NULL,'076',NULL,'Includes two hangar personnel figurines.',12),(382,14,'RX-0 Unicorn Gundam (OVA Ver.)',NULL,'2010-03-01',5000,NULL,'131',NULL,'Parts and color variant of MG-102 with R1 and R2 plate runners for improved knee and waist articulation, plus a new head sculpt. Includes Banagher Links figurine.',12),(383,14,'RX-78-5 Gundam G05',NULL,'2003-08-01',2800,NULL,'064',NULL,'Parts and color variant of MG-063. Includes booster equipment, Gatling Gun, and Forud Romfellow figurine.',12),(384,14,'LM312V04+SD-VB03A V-Dash Gundam \"Ver.Ka',NULL,'2010-07-01',5800,NULL,'136',NULL,'Re-release of MG-127 with parts from MG-135.',12),(385,14,'MBF-P02Kai Gundam Astray Red Frame',NULL,'2010-02-01',5000,NULL,'130',NULL,'Parts and color variant of MG-125. Includes Lowe Guele figurine and red Action Base 2 with adapter for the Tactical Arms IIL.',12),(386,14,'GN-005 Gundam Virtue',NULL,'2020-12-21',0,NULL,'217',NULL,'Removal of armor parts reveals GN-004 Gundam Nadleeh.',12),(387,14,'RGM-79Q GM Quel',NULL,'1999-12-01',3000,NULL,'025',NULL,'Parts and color variant of MG-024. Includes Beam Rifle, 1/20 scale Nina Purpleton figure and 1/100 scale Titans pilot figurine.',12),(388,14,'RX-78-02 Gundam The Origin',NULL,'2015-11-01',4600,NULL,'190',NULL,'Uses the I plate runner of MG-111, and Emotion Manipulator SP (MP1) plate runner. Includes Amuro Ray figurine, and effect parts for the shoulder and forearm guns. Upper torso accommodates Gunpla LED Unit (sold separately). First MG kit from the Mobile Suit Gundam: The Origin series.',12),(389,14,'MSN-00100 Hyaku-Shiki Ver.2.0',NULL,'2015-05-01',6800,NULL,'187',NULL,'Redesign of MG-037 with improved articulation and proportions. Armor pieces feature metallic gold painted over clear white plastic. Includes two Quattro Bajeena figurines, and parts to attach to Ballute System. Shares weapon parts with RE-04. Mega Bazooka Launcher and water slide decal sheet is sold separately as P-Bandai exclusive accessory kit. Released to commemorate the 30th anniversary of Zeta Gundam.',12),(390,14,'MSA-003 Nemo',NULL,'2006-02-01',2800,NULL,'084',NULL,'Includes A.E.U.G. pilot figurine.',12),(391,14,'MS-06R-1A Zaku II (Shin Matsunaga Custom) Ver.2.0',NULL,'2008-11-01',4500,NULL,'115',NULL,'Color variant of MG-103; redesign of MG-006 with improved articulation and proportions. Includes Shin Matsunaga figurine. Water slide decal sheet is sold separately as GD-56.',12),(392,14,'MS-06R-2 Zaku II (J. Ridden Custom)',NULL,'1996-06-01',2800,NULL,'007',NULL,'Parts and color variant of MG-006. Includes Johnny Ridden figurine.',12),(393,14,'RGM-79G GM Command (Colony Type)',NULL,'2017-12-01',3500,NULL,'200',NULL,'Parts and color variant of MG-195. Color variant of MG RGM-79GS GM Command Space with a different backpack. Water slide decal sheet is sold separately as GD-118. The 200th MG release. Originally planned to be released in January 2018[3].',12),(394,14,'RX-78-2 Gundam Ver.3.0',NULL,'2013-08-01',4500,NULL,'172',NULL,'Uses the D and K plate runners of MG-111, and Emotion Manipulator SP (MP1) plate runner. Includes Amuro Ray figurine. Upper torso accommodates Gunpla LED Unit (sold separately). Beam Javelin, Gundam Hammer and water slide decal sheet are sold separately with P-Bandai exclusive accessory kit; water slide decal sheet is also sold separately as GD-97.\nFirst MG Ver.3.0 kit, part of the evolution of the MG Line, where greater articulation is achieved using a new armor on inner frame placement design. Like the Real Grade version, this kit is modeled after the 1/1 scale RX-78-2 Gundam statue. Released to commemorate the 35th anniversary of Gundam.',12),(395,14,'RX-0 Unicorn Gundam 02 Banshee \"Ver.Ka',NULL,'2018-03-01',5000,NULL,'201',NULL,'Parts and color variant of MG-102; F plate runners are renewed for improved knee articulation. Re-release of MG RX-0 Unicorn Gundam 02 Banshee \"Ver.Ka\" (Final Battle Ver.) with yellow psychoframe. Includes water slide decal sheet and a leftover Banagher Links figurine from MG-102, but no Marida Cruz or Riddhe Marcenas figurine.',12),(396,14,'MS-06F Zaku Minelayer',NULL,'2008-03-01',4500,NULL,'105',NULL,'Parts and color variant of MG-097. Includes Minelayer Backpack. Missile Pods replaced by Mine Pods.',12),(397,14,'MS-14J ReGelgu',NULL,'2001-08-01',12800,NULL,'2133',NULL,'Resin-cast conversion kit for MG-008.',12),(398,14,'RGC-83 GM Cannon II Conversion Parts',NULL,'2003-07-01',14800,NULL,'2283',NULL,'Resin-cast conversion kit for MG-024.',12),(399,14,'Gundam RX-78/C.A.',NULL,'2002-08-01',3000,NULL,'052',NULL,'Color variant of MG-028. Includes Char Aznable figurine.',12),(400,14,'FA-78-1 Full Armor Gundam',NULL,'2010-06-01',5000,NULL,'134',NULL,'Color variant of MG-111 with additional armor parts, which attach to the kit using double-sided tapes. Water slide decal sheet is sold separately as GD-83.',12),(401,14,'RGM-79 GM Ver.One Year War 0079 Conversion Parts',NULL,'2005-11-01',7800,NULL,'2495',NULL,'Resin-cast conversion kit for MG-028.',12),(402,14,'RX-93-ν2 Hi-ν Gundam \"Ver.Ka',NULL,'2014-08-01',7000,NULL,'183',NULL,'Uses the F, I, and R plate runners of MG-163, and Emotion Manipulator SP (MP1) plate runner; redesign of MG-095 with improved articulation and proportions closer to the original lineart. Includes Amuro Ray figurine, an Amuro insignia display base from MG-095, prop stand for backpack, effect parts for the Fin Funnels, and water slide decal sheet. Neck accommodates Gunpla LED Unit (sold separately).',12),(403,14,'MS-07H-8 Gouf Flight Type Conversion Parts',NULL,'2001-10-01',12800,NULL,'2124',NULL,'Resin-cast conversion kit for MG-036.',12),(404,14,'MS-14S Gelgoog (C. Aznable Custom)',NULL,'1996-12-01',3000,NULL,'008',NULL,'Includes Char Aznable figurine.',12),(405,14,'Gundam Rx-78 GP02A',NULL,'1998-06-01',4000,NULL,'013',NULL,'Includes Anavel Gato figurine and two Mk-82 nuclear warheads. Water slide decal sheet is sold separately as GD-24. First Gundam GP02A kit to have functional shoulder binders.',12),(406,14,'RGC-80 GM Cannon Ver.One Year War 0079 Conversion Parts',NULL,'2006-06-01',16800,NULL,'2570',NULL,'Resin-cast conversion kit for MG-028.',12),(407,14,'MS-06V Zaku Tank',NULL,'2008-05-01',0,NULL,'N/A',NULL,'Tentative release announced at the 47th Shizuoka Hobby Show 2008 with the prototype model on display[6]. Plans to release this model never went beyond this announcement',12),(408,14,'MS-05B Zaku I (Black Tri-Stars)',NULL,'1999-05-01',2500,NULL,'019',NULL,'Color variant of MG-018. Includes 1/20 and 1/100 scale Gaia figures.',12),(409,14,'OZ-00MS Tallgeese EW',NULL,'2013-01-01',3800,NULL,'164',NULL,'Features the spring-loading gimmick on the Dober Gun. Includes Zechs Merquise (TV version) figurine.',12),(410,14,'AGE-IIMG Gundam AGEII Magnum',NULL,'2019-03-01',5500,NULL,'208',NULL,'Parts and color variant of MG-159, with shoulder joints revised for improved articulation and stability. Includes Kyoya Kujo figruine, as well as a leftover Asemu Asuno figurine from the original kit. Fully transformable kit.',12),(411,14,'RGM-96X Jesta',NULL,'2013-04-01',4500,NULL,'168',NULL,'Uses Emotion Manipulator SP (MP1) plate runner. Includes Londo Bell Tri-Stars pilot figurine. Upper torso accommodates Gunpla LED Unit (sold separately).',12),(412,14,'Gundam RX-79[G]',NULL,'2000-05-01',3000,NULL,'027',NULL,'Includes Weapon Rack and Shiroh Amada figurine. First Gundam kit with arm inner frame parts. Uses Manipulator 1 (MP1) plate runner, a universal runner for the hands of MG ground type EFSF mobile suits.',12),(413,14,'Gundam RX-78-2 Ver.1.5 PG Design Parts',NULL,'2001-05-01',4800,NULL,'2086',NULL,'Resin-cast upgrade kit for MG-028.',12),(414,14,'RX-78-1 Prototype Gundam Conversion Parts',NULL,'1996-12-21',3800,NULL,'?',NULL,'Resin-cast conversion kit for MG-001/004.',12),(415,14,'G-Armor Realtype Color',NULL,'2009-06-01',9800,NULL,'121',NULL,'Color variant of MG-111 and MG-117. Water slide decal sheet is sold separately as GD-70.',12),(416,14,'CONCEPT-X 6-1-2 Turn X',NULL,'2014-06-01',6000,NULL,'182',NULL,'Includes Gym Ghingham figurine, custom stand for \"Bloody Siege\" attack, and effect part for \"Shining Finger\". Uses entirely polystyrene except for the stand, which is ABS.',12),(417,14,'MSN-02R Zeong High Mobility Type Conversion Parts',NULL,'2003-04-01',19800,NULL,'2253',NULL,'Resin-cast upgrade kit for MG-051.',12),(418,14,'AGE-FX Gundam AGE-FX',NULL,'2012-11-01',0,NULL,'N/A',NULL,'Tentative release announced at Gunpla Expo World Tour 2012 Japan, with the prototype model on display at the event[9]. Plans to release this model never went beyond this announcement.',12),(419,14,'GAT-X102 Duel Gundam Assault Shroud',NULL,'2012-02-01',4200,NULL,'152',NULL,'Includes Yzak Jule figurine and Bazooka that was not seen in the TV series. Water slide decal sheet is sold separately with MG ZGMF-X13A Providence Gundam G.U.N.D.A.M. Edition. Released in conjunction with Gundam SEED Remaster project.',12),(420,14,'RGM-79C GM Type C (Space Type)',NULL,'2002-11-01',2500,NULL,'056',NULL,'Color variant of MG-050. Includes additional parts to build Long Rifle. Water slide decal sheet is sold separately as GD-24.',12),(421,14,'GN-003 Gundam Kyrios',NULL,'2020-05-01',5000,NULL,'214',NULL,'Includes two GN Hand Missile Units and Allelujah Haptism figurine. GN Drive accommodates two Gunpla LED Units (sold separately). Fully transformable kit.',12),(422,14,'GAT-X105E Lukas\'s Strike E + I.W.S.P.',NULL,'2008-02-01',4500,NULL,'104',NULL,'Parts and color variant of MG-096 with the Noir Striker replaced by the IWSP unit from MG-090. Includes display base and Lukas O\'Donnell figurine.',12),(423,14,'Ovv-f Gafran',NULL,'2012-11-01',0,NULL,'N/A',NULL,'Originally announced at Gunpla Expo World Tour 2012 Japan, with a tentative roll out date of April 2012[10]. Plans to release this model never went beyond this announcement.',12),(424,14,'MS-06J Zaku II Ver.2.0',NULL,'2007-04-01',3500,NULL,'097',NULL,'Redesign of MG-003 with improved articulation and proportions. Features a gear mechanism that moves the monoeye when the head is turned sideways and a swivel mechanism that moves the cockpit left or right. Utilizes an assembly system for the cables where the individual rings slide through a rod or spring. Includes Missile Pods and Zeon pilot figurine. Water slide decal sheet is sold separately as GD-40/59.',12),(425,14,'RX-178 Gundam Mk-II (A.E.U.G.) Ver.2.0',NULL,'2005-10-01',4000,NULL,'082',NULL,'Redesign of MG-014 with improved articulation and proportions. Includes custom launchpad, and figurines of Kamille Bidan and two hangar personnel. Water slide decal sheet is sold separately as GD-19. First MG Ver.2.0. Released to commemorate the 20th anniversary of Mobile Suit Zeta Gundam and the release of the theatrical compilation trilogy A New Translation.',12),(426,14,'XXXG-01H Gundam Heavyarms EW',NULL,'2012-01-01',3800,NULL,'151',NULL,'Uses the XA and XB plate runners of MG-138. Includes Trowa Barton figurine, optional shield piece for Gatling Gun and hidden Beam Saber. Water slide decal sheet is sold separately as GD-100.',12),(427,14,'MS-07B Gouf',NULL,'2000-10-01',2800,NULL,'032',NULL,'Includes 1/20 scale Crowley Hamon figure and 1/100 scale Ramba Ral figurine. Water slide decal sheet is sold separately as GD-10.',12),(428,14,'ZGMF-X42S Destiny Gundam',NULL,'2007-10-01',4800,NULL,'101',NULL,'Includes display base and Shinn Asuka and Stella Loussier figurines. Water slide decal sheet is sold separately as GD-43.',12),(429,14,'RX-93-ν2 Hi-ν Gundam',NULL,'2007-02-01',7000,NULL,'095',NULL,'Includes Amuro Ray figurine, a custom display base in the form of his personal insignia, and effect parts for the Fin Funnels. Water slide decal sheet is sold separately as GD-32.',12),(430,14,'ZGMF-X19A ∞ Justice Gundam',NULL,'2008-10-01',5000,NULL,'114',NULL,'Includes Athrun Zala figurine. Water slide decal sheet is sold separately as GD-5.',12),(431,14,'F91 Gundam F91 Ver.2.0',NULL,'2018-05-01',4000,NULL,'203',NULL,'Redesign of MG-087 with improved articulation and proportions. Features metallic detail parts. Includes two heads (transformable and non-transformable), Cecily Fairchild figurine, and a gray custom base using a black Action Base 4/5 hexagon as platform. Chest vents and backpack thrusters accommodate Gunpla Lighting Unit (sold separately) via the custom base.',12),(432,14,'RX-0 Unicorn Gundam 03 Phenex',NULL,'2014-02-01',12000,NULL,'179',NULL,'Parts and color variant of MG-155. Includes water slide decal sheet and a leftover Banagher Links figurine from MG-102. First regular release chrome plated MG kit since MG-037.',12),(433,14,'XXXG-01W Wing Gundam EW',NULL,'2011-03-01',3500,NULL,'144',NULL,'Color variant of MG-069. Includes a custom mount part for Action Base 1. Fully transformable kit.',12),(434,14,'RX-178 Gundam Mk-II (A.E.U.G.) Ver.2.0 Gunpla 30th Anniversary Ver.',NULL,'2009-12-01',4000,NULL,'N/A',NULL,'Limited re-release of MG-082 with clear armor parts. Released to commemorate the 30th anniversary of Gunpla.',12),(435,14,'RX-178 Gundam Mk-II (Titans) Ver.2.0 HD Color',NULL,'2008-11-01',4000,NULL,'N/A',NULL,'Limited gloss color variant of MG-085. Includes water slide decal sheet. Released to coincide with the Blu-ray release of the Zeta Gundam TV series.',12),(436,14,'AMS-119C Full Frontal\'s Geara Doga',NULL,'2015-07-01',5500,NULL,'',NULL,'P-Bandai exclusive color variant of MG-171 with new \"Sleeves\" parts. Includes water slide decal sheet.',12),(437,14,'RX-121-2A Gundam TR-1 [Advanced Hazel]',NULL,'2018-05-01',5500,NULL,'',NULL,'P-Bandai exclusive parts variant MG RX-121-1 Gundam TR-1 [Hazel Custom] (Combat Deployment Colors). Includes water slide decal sheet.',12),(438,14,'AQM/E-X03 Launcher Striker/AQM/E-X02 Sword Striker Pack for Aile Strike Gundam Ver.RM',NULL,'2013-06-01',2300,NULL,'',NULL,'P-Bandai exclusive accessory kit for MG-169, featuring Striker Packs originally offered in MG-108. Includes water slide decal sheet.',12),(439,14,'MS-06S Zaku II Ver.2.0 Mechanical Clear',NULL,'2014-07-01',3800,NULL,'',NULL,'The Art of Gundam Exhibit exclusive clear armor variant of MG-098.',12),(440,14,'RX-0 Unicorn Gundam [Solid Clear/Standard]',NULL,'2020-09-01',0,NULL,'',NULL,'Banpresto exclusive re-release of MG-131 with clear color armor parts, offered as a lottery prize.',12),(441,14,'MSM-07S Z\'Gok (Extra Finish Version)',NULL,'2007-08-01',5500,NULL,'',NULL,'Chara Hobby 2007 C3×HOBBY exclusive metallic color variant of MG-066.',12),(442,14,'MS-06J Zaku II Ver.2.0 (Extra Finish Version)',NULL,'2009-08-01',6500,NULL,'',NULL,'Chara Hobby 2009 C3×HOBBY and Gunpla Expo 2009 exclusive metallic color variant of MG-097.',12),(443,14,'Gundam AGE-2 SPver.',NULL,'2013-08-01',4200,NULL,'',NULL,'P-Bandai exclusive color variant of MG-159.',12),(444,14,'The Gundam Base Limited Catapult Base',NULL,'2020-06-01',2300,NULL,'',NULL,'The Gundam Base Tokyo exclusive accessory kit. Catapult uses bases previously released in MG-082 and MG-083. Includes a new 1/100 scale human crew runner.',12),(445,14,'Impulse Gundam Blanche',NULL,'2016-09-01',5200,NULL,'',NULL,'P-Bandai exclusive color variant of MG ZGMF-X56S/ι Destiny Impulse Gundam R. Includes water slide decal sheet.',12),(446,14,'GN-001REII Gundam Exia Repair II',NULL,'2014-02-01',4200,NULL,'',NULL,'P-Bandai exclusive parts variant of MG-123. Includes water slide decal sheet.',12),(447,14,'MS-06R-1A Zaku II (Eric Manthfield Custom)',NULL,'2016-05-01',4500,NULL,'',NULL,'P-Bandai exclusive color variant of MG-103 with new head armor. Includes water slide decal sheet.',12),(448,14,'MSZ-006 Z Gundam Head',NULL,'2019-09-01',0,NULL,'',NULL,'Banpresto exclusive re-release of MG-005\'s head, offered as a lottery prize.',12),(449,14,'THE BEYOND GUNPLA 40th EDITION THE BEYOND x MS-06LS Zaku II Ver.LUNA SEA',NULL,'2020-04-01',6000,NULL,'',NULL,'Universal Music Japan exclusive color variant of MG-098; bundled with CD of Luna Sea\'s single THE BEYOND. Released as part of the Gunpla 40th anniversary × LUNA SEA 30th anniversary celebration, and to commemorate the release of the new single, which is the theme song of Gundam 40th anniversary celebration. This is an Ecopla kit, meaning it uses recycled excess plastic materials that were rejected from the factory.',12),(450,14,'RB-79 Ball (Factory Image Color) Katsumi Kawaguchi Produce Version',NULL,'2010-06-01',3000,NULL,'',NULL,'Bandai Hobby Proshop exclusive color variant of MG-076. Includes water slide decal sheet.',12),(451,14,'RX-78TB-2[SB] Gundam Stormbringer',NULL,'2018-09-01',5000,NULL,'',NULL,'P-Bandai exclusive parts and color variant of MG RGM-79DO GM Dominance. Includes water slide decal sheet for this kit and MG RB-79PP Polypodball. G.H.L-M.A.D Gun was sold separately.',12),(452,14,'RX-78-2 Gundam Ver.One Year War 0079 Extra Finish Version',NULL,'2006-08-01',6500,NULL,'',NULL,'Gunpla Expo 2006 exclusive metallic color variant of MG-078.',12),(453,14,'RX-78TB-2[SB] Gundam Stormbringer F.A. (Fatal Ash) / RGM-79TB-1[T] GM Turbulence',NULL,'2020-11-01',5700,NULL,'',NULL,'P-Bandai exclusive parts and color variant of MG RX-78TB-2[SB] Gundam Stormbringer. Includes head, shoulder and backpack parts of both units such that one can be built at any time, as well as water slide decal sheet.',12),(454,14,'RX-0 Unicorn Gundam \"Ver.Ka\" [Code_852]',NULL,'2015-08-01',0,NULL,'',NULL,'Gundam Docks at Hong Kong II exclusive metallic gold color variant of MG-102.',12),(455,14,'GAT-X105 Aile Strike Gundam Clear Version',NULL,'2020-12-22',0,NULL,'',NULL,'The Gundam Base Korea exclusive clear armor variant of MG-065.',12),(456,14,'MSZ-010 ΖΖ Gundam Head',NULL,'2019-09-01',0,NULL,'',NULL,'Banpresto exclusive re-release of MG-026\'s head, offered as a lottery prize.',12),(457,14,'MS-06R-1 Zaku II Ver.2.0 (A Baoa Qu Guards Ver.)',NULL,'2009-12-01',5000,NULL,'',NULL,'Bandai Hobby Proshop exclusive color variant of MG-103. Includes water slide decal sheet.',12),(458,14,'MBF-P01 Gundam Astray Gold Frame [Special Coating]',NULL,'2017-10-01',8000,NULL,'',NULL,'Events and The Gundam Base Tokyo exclusive parts and color variant of MG-130. Features gold chrome plated frame parts and pearl white armor parts. Uses the A and L plate runners of MG-152. Includes water slide decal sheet.',12),(459,14,'MS-06R Zaku II High Mobility Type \"Psycho Zaku\" [Gundam Thunderbolt] Last Session Ver.',NULL,'2017-09-01',8500,NULL,'',NULL,'P-Bandai exclusive re-release of MG-194 without the propellant tank and most of the  weapons. Includes battle damaged head, left arm, and top left Backpack thruster, gray BA-13 Action Base 1 and building debris parts, and water slide decal sheet with battle damage effects to replicate the final battle in episode 4 of the ONA.',12),(460,14,'RX-78-2 Gundam Clear Color',NULL,'2013-08-01',0,NULL,'',NULL,'Nissin Cup Noodle exclusive clear yellow/brown variant of MG-001. Offered as a grand prize in Nissin Cup Noodle Curry\'s 40th anniversary campaign. Limited to 1,000 units.',12),(461,14,'RX-0 Full Armor Unicorn Gundam \"Ver.Ka\" Shield Booster \"Armed Armor DE',NULL,'2014-12-01',0,NULL,'',NULL,'Kadokawa exclusive accessory kit for MG-150. Bundled with the Limited Edition of Mobile Suit Gundam Unicorn - Bande Dessinee Vol.12.',12),(462,14,'MS-14C-1A Gelgoog Cannon (MSV Color)',NULL,'2014-07-01',4800,NULL,'',NULL,'P-Bandai exclusive parts and color variant of MG-099. Includes water slide decal sheet.',12),(463,14,'F91 Gundam F91 Ver.2.0 (Harrison Madin Custom)',NULL,'2019-10-01',4200,NULL,'',NULL,'P-Bandai exclusive parts and color variant of MG-203. Includes water slide decal sheet.',12),(464,14,'Mission Pack I-Type (Jupiter Battle Specification) for Gundam F90',NULL,'2021-03-01',2000,NULL,'',NULL,'P-Bandai exclusive accessory kit to convert MG F90 Gundam F90 into F90I-I Gundam F90 Intercept Type Jupiter Battle Specification; parts and color variant of Mission Pack I-Type from MG F90II-I Gundam F90II I-Type. Includes water slide decal sheet. Released as part of P-Bandai\'s \"F90 A to Z Project\".',12),(465,14,'RX-78-2 Gundam Ver.2.0 Mechanical Smoked Clear Ver.',NULL,'2009-12-01',0,NULL,'',NULL,'Gunpla Expo Hong Kong 2009 exclusive clear armor variant of MG-111. Includes water slide decal sheet.',12),(466,14,'MS-06FS Zaku II (Garma Zabi Custom)',NULL,'2014-12-01',3800,NULL,'',NULL,'P-Bandai exclusive parts and color variant of MG-106. Includes water slide decal sheet.',12),(467,14,'RX-78-2 Gundam Kunio Okawara Illustration Image Color Version',NULL,'2006-09-01',0,NULL,'',NULL,'2006 Summer MG Gunpla Lottery Campaign exclusive color variant of MG-078, uses duplicate runners to achieve the proper color scheme. Offered as a prize in the campaign. Limited to 1,000 units.',12),(468,14,'GN-0000+GNR-010 00 Raiser Color Clear',NULL,'2015-07-01',7100,NULL,'',NULL,'The Art of Gundam Exhibit exclusive clear color variant of MG-145.',12),(469,14,'RX-0[N] Unicorn Gundam 02 Banshee Norn (Final Battle Ver.)',NULL,'2015-05-01',6000,NULL,'',NULL,'P-Bandai exclusive parts variant of MG-155. Re-release of MG RX-0[N] Unicorn Gundam 02 Banshee Norn with green psychoframe. Includes water slide decal sheet.',12),(470,14,'MS-06J Zaku II Ver.2.0 Clear Color Ver.',NULL,'2010-09-01',3500,NULL,'',NULL,'Gunpla Expo 2010 exclusive clear color variant of MG-097.',12),(471,14,'Gundam RX-78 (Casval Custom) Coating Version',NULL,'1999-10-01',4500,NULL,'',NULL,'The 39th All Japan Model & Hobby Show 1999 exclusive chrome color plated variant of MG-001. Includes 1/20 scale Char Aznable (pilot suit) figure.',12),(472,14,'RGM-79SP GM Sniper II (White Dingo Team Custom)',NULL,'2017-03-01',3800,NULL,'',NULL,'P-Bandai exclusive color variant of MG-195; Sniper Rifle and Shield replaced by Long Range Beam Rifle and Middle Shield, MP plate runner replaced by Emotion Manipulator SP (MP1) plate runner. Uses the F plate runner of MG-027, the M plate runner of MG-033, and the I and L plate runners of MG-092. Includes Vulcan Pod and water slide decal sheet.',12),(473,14,'MS-07B-3 Gouf Custom The Gravity Front Image Color Version',NULL,'2009-07-01',3000,NULL,'',NULL,'P-Bandai exclusive color variant of MG-036.',12),(474,14,'RGM-79SP Lydo Wolf\'s GM Sniper II',NULL,'2019-07-01',3800,NULL,'',NULL,'P-Bandai exclusive color variant of MG-195. Includes water slide decal sheet.',12),(475,14,'OZ-00MS2 Tallgeese II',NULL,'2013-03-01',3800,NULL,'',NULL,'P-Bandai exclusive parts and color variant of MG-164. Includes Treize Khushrenada and Lady Une figurines, and water slide decal sheet.',12),(476,14,'∀ Gundam/Turn X [nano skin image]',NULL,'2019-05-01',11500,NULL,'',NULL,'Syd Mead: Progressions TYO 2019 exhibition exclusive metallic color variants of MG-100 and MG-182, with \"Nano Skin\" image water slide decal sheet. Re-released in August 2019 as a P-Bandai exclusive.',12),(477,14,'MS-06R-1A Zaku II (Uma Lightning\'s Custom)',NULL,'2013-04-01',4500,NULL,'',NULL,'P-Bandai exclusive color variant of MG-103. Includes water slide decal sheet.',12),(478,14,'ZGMF-X42S Destiny Gundam Clear Color Version',NULL,'2009-03-01',4800,NULL,'',NULL,'Gunpla Expo 2009 exclusive clear color variant of MG-101.',12),(479,14,'RGM-79GS GM Command Space',NULL,'2017-11-01',3500,NULL,'',NULL,'P-Bandai exclusive parts and color variant of MG-195. Includes water slide decal sheet.',12),(480,14,'AMS-119 Geara Doga (Unicorn Ver.)',NULL,'2016-06-01',5000,NULL,'',NULL,'P-Bandai exclusive color variant of MG-171 with new \"Sleeves\" parts. Includes water slide decal sheet.',12),(481,14,'ZGMF-X42S-REVOLUTION Destiny Gundam (Heine Westenfluss Custom)',NULL,'2010-08-01',4800,NULL,'',NULL,'Gunpla Super Expo Tokyo 2010 exclusive color variant of MG-101. Includes Heine Westenfluss figurine.',12),(482,14,'ASW-G-08 Gundam Barbatos [Titanium Finish]',NULL,'2021-01-01',9000,NULL,'',NULL,'P-Bandai exclusive metallic color variant of MG-212.',12),(483,14,'MBF-P02 Gundam Astray Red Frame Flight Unit',NULL,'2020-08-01',6500,NULL,'',NULL,'P-Bandai exclusive re-release of MG MBF-P02 Gundam Astray Red Frame with Flight Unit and BuCUE Tactical Reconnaissance Type Head unit. Includes water slide decal sheet.',12),(484,14,'RX-0 Unicorn Gundam 02 Banshee \"Ver.Ka\" (Final Battle Ver.)',NULL,'2012-03-01',5000,NULL,'',NULL,'P-Bandai exclusive parts and color variant of MG-102 with green psychoframe. Includes metallic gold water slide decal sheet.',12),(485,14,'XXXG-01Wfr/A Gundam Fenice Rinascita Alba',NULL,'2015-10-01',4800,NULL,'',NULL,'P-Bandai exclusive parts and color variant of MG-188 in Wing Gundam livery.',12),(486,14,'Justice Gundam [Special Coating]',NULL,'2017-11-01',9000,NULL,'',NULL,'P-Bandai exclusive color chrome plated variant of MG-197. Includes water slide decal sheet.',12),(487,14,'ZGMF-1001/K Slash ZAKU Phantom (Yzak Jule Custom)',NULL,'2020-04-01',4500,NULL,'',NULL,'P-Bandai exclusive parts and color variant of MG-211. Includes water slide decal sheet.',12),(488,14,'XXXG-01H Gundam Heavyarms EW (IGEL Armament)',NULL,'2019-11-01',5500,NULL,'',NULL,'P-Bandai exclusive re-release of MG-151 with IGEL Armament. Includes water slide decal sheet.',12),(489,14,'RX-78-2 Gundam Ver.3.0 Mechanical Clear',NULL,'2014-07-01',4900,NULL,'',NULL,'The Art of Gundam Exhibit exclusive clear armor variant of MG-172.',12),(490,14,'MS-14B Uma Lightning\'s Gelgoog High Mobility Type',NULL,'2018-01-01',5500,NULL,'',NULL,'P-Bandai exclusive parts and color variant of MG-107. Includes water slide decal sheet.',12),(491,14,'The Gundam Base Limited MSN-04 Sazabi \"Ver.Ka\" [Special Coating]',NULL,'2018-07-01',18000,NULL,'',NULL,'The Gundam Base Tokyo exclusive metallic color variant of MG-175. Includes water slide decal sheet.',12),(492,14,'GAT-X105 Aile Strike Gundam Deactive Mode',NULL,'2004-10-01',4000,NULL,'',NULL,'Plamodel Radicon Fair 2004 exclusive color variant of MG-065.',12),(493,14,'Musha Gundam Mk. II (Tokugawa Ieyasu Ver.)',NULL,'2010-07-01',7000,NULL,'',NULL,'The 49th Shizuoka Hobby Show 2010 and P-Bandai exclusive color variant of MG-133. Includes special decal sheet.',12),(494,14,'MSN-04 Sazabi \"Ver.Ka\" Gold Plating Ver.',NULL,'2013-12-01',0,NULL,'',NULL,'GBWC 2013 World Championship exclusive gold chrome plated variant of MG-175. Offered as a prize to the Open Course and Junior Course Champions in the contest. Limited to 2 units.',12),(495,14,'RGM-79SC Tenneth A. Jung\'s GM Sniper Custom',NULL,'2018-01-01',4000,NULL,'',NULL,'P-Bandai exclusive color variant of MG-199. Includes L-3 Type Beam Rifle and water slide decal sheet.',12),(496,14,'Mission Pack D-Type & G-Type for Gundam F90',NULL,'2020-12-01',2000,NULL,'',NULL,'P-Bandai exclusive accessory kit to convert MG F90 Gundam F90 into F90D Gundam F90 Destroid Type or F90G Gundam F90 Guards Type; also compatible with MG F90II Gundam F90II. Includes water slide decal sheet. Released as part of P-Bandai\'s \"F90 A to Z Project\".',12),(497,14,'Gunpla LED Unit Pink (2 Unit Set)',NULL,'2013-07-01',1100,NULL,'',NULL,'P-Bandai exclusive accessory kit for MG-171 and MG-190, as well as most MG kits that feature light-up gimmicks. Requires two LR41 watch batteries each. Also compatible with HGBC-000.',12),(498,14,'RX-178+FXA-05D Super Gundam Plated & Clear Version',NULL,'2000-07-01',6000,NULL,'',NULL,'9th Japan Fantastic Convention exclusive clear color variant of MG-016 with metallic color frame parts.',12),(499,14,'MSZ-006A1 Zeta plus (Unicorn Ver.)',NULL,'2016-06-01',3200,NULL,'',NULL,'P-Bandai exclusive color variant of MG-043. Includes new Beam Rifle, and head parts from MSZ-006A2 Ζeta Plus A2. Fully transformable kit.',12),(500,14,'RGM-79DO GM Dominance',NULL,'2018-06-01',4600,NULL,'',NULL,'P-Bandai exclusive parts and color variant of MG-195. Includes water slide decal sheet.',12),(501,14,'MS-06R-1A Shin Matsunaga\'s Zaku II (Custom Type)',NULL,'2017-06-01',4500,NULL,'',NULL,'P-Bandai exclusive color variant of MG-115 with additional spike shoulder armor and large Heat Hawk. Includes water slide decal sheet.',12),(502,14,'MS-06R-1A Zaku II (Anavel Gato Custom)',NULL,'2013-08-01',4500,NULL,'',NULL,'P-Bandai exclusive color variant of MG-103. Includes water slide decal sheet.',12),(503,14,'RX-78-2 Gundam Ver.3.0 [Solid Clear/Standard]',NULL,'2018-08-01',0,NULL,'',NULL,'Banpresto exclusive parts variant of MG-172 with clear color armor parts, offered as a lottery prize.',12),(504,14,'MSZ-006 Zeta Gundam Ver.2.0 Extra Finish Ver.',NULL,'2010-08-01',9000,NULL,'',NULL,'Chara Hobby 2010 C3×HOBBY exclusive metallic color variant of MG-083.',12),(505,14,'RGC-80 GM Cannon [Red Head] (Jaburo Defense Team Custom)',NULL,'2019-03-01',4000,NULL,'',NULL,'P-Bandai exclusive color variant of MG RGC-80 GM Cannon. Includes water slide decal sheet.',12),(506,14,'MS-06F-2 Zaku II F2 (Kimberlite Base Type)',NULL,'2018-11-01',3500,NULL,'',NULL,'P-Bandai exclusive color variant of MG-048 with head parts from MG-054. Includes armors to create both Assault and Diversion variants, Zaku Bazooka, Stürm Faust, and water slide decal sheet.',12),(507,14,'The Gundam Base Limited RX-78-2 Gundam (Perfect Gundam Ver.) [Anime Color]',NULL,'2020-12-01',3000,NULL,'',NULL,'The Gundam Base Tokyo exclusive color variant of RX-78-2 Gundam from MG-067. Includes rescaled decals from PGU-01.',12),(508,14,'GNX-604T Advanced GN-X',NULL,'2017-07-01',4200,NULL,'',NULL,'P-Bandai exclusive parts and color variant of MG-129. Includes water slide decal sheet.',12),(509,14,'RX-93 ν Gundam Head',NULL,'2019-09-01',0,NULL,'',NULL,'Banpresto exclusive re-release of MG-034\'s head, offered as a lottery prize.',12),(510,14,'Expansion Effect Unit \"Moonlight Butterfly\" for ∀ Gundam',NULL,'2015-07-01',1800,NULL,'',NULL,'P-Bandai exclusive accessory kit for MG-100. Includes Moonlight Butterfly effect parts and clear Action Base 1.',12),(511,14,'XXXG-00W0 Wing Gundam Proto Zero EW Color Clear',NULL,'2015-07-01',5200,NULL,'',NULL,'The Art of Gundam Exhibit exclusive clear color variant of MG-174.',12),(512,14,'RGZ-91B Re-GZ Custom',NULL,'2019-05-01',5500,NULL,'',NULL,'P-Bandai exclusive parts variant of MG-039, with shoulder inner frame revised to improve articulation. Includes two Action Base 4 adapters and water slide decal sheet. Fully transformable kit.',12),(513,14,'XM-X2ex Crossbone Gundam X2 Custom \"Ver.Ka',NULL,'2017-06-01',4400,NULL,'',NULL,'P-Bandai exclusive parts and color variant of MG-089. Includes water slide decal sheet.',12),(514,14,'Custom Set for RX-78-2 Gundam Ver.3.0',NULL,'2013-08-01',1500,NULL,'',NULL,'P-Bandai exclusive accessory kit for MG-172. Includes Beam Javelin, extra Hyper Bazooka, Gundam Hammer, one yellow Gunpla LED Unit, and water slide decal sheet.',12),(515,14,'MS-09G Dwadge',NULL,'2019-04-01',5000,NULL,'',NULL,'P-Bandai exclusive parts and color variant of MG-021, with inner frame revised to improve articulation. Uses Emotion Manipulator SP (MP2) plate runner. Includes water slide decal sheet.',12),(516,14,'MS-06S Zaku II (Char Aznable Custom) Ver.2.0 [Solid Clear/Standard]',NULL,'2019-09-01',0,NULL,'',NULL,'Banpresto exclusive re-release of MG-098 with clear color armor parts, offered as a lottery prize.',12),(517,14,'ZGMF-X56S/γ Blast Impulse Gundam',NULL,'2020-01-01',5000,NULL,'',NULL,'P-Bandai exclusive color variant of MG-109 with γ Blast Silhouette pack. Includes water slide decal sheet. Released to coincide with the 10th anniversary of P-Bandai.',12),(518,14,'RGM-96X Jesta Cannon [Clear Color]',NULL,'2019-12-01',5000,NULL,'',NULL,'Events and the Gundam Base Tokyo exclusive clear color variant of MG RGM-96X Jesta Cannon.',12),(519,14,'RX-78NT-1 Gundam NT-1 Ver.2.0 [Clear Color]',NULL,'2019-08-01',5800,NULL,'',NULL,'Events and the Gundam Base Tokyo exclusive clear color variant of MG-210 with clear Chobam Armor.',12),(520,14,'The Gundam Base Limited Unicorn Gundam Perfectibility',NULL,'2019-07-01',12000,NULL,'',NULL,'The Gundam Base Tokyo exclusive parts variant of MG-131 with blue psychoframe. Includes new tail stabilizers for Armed Armor DE units and extra Banagher Links and Marida Cruz figurines. Uses the BA, BD, and BF1 plate runners of MG-155, the WC and X plate runners of MG-150, and the WG2 plate runner of MG-179, as well as duplicate C and R1 plate runners for color accuracy.',12),(521,14,'Expansion Funnel Effect Set for Sazabi Ver.Ka & Nightingale',NULL,'2015-07-01',1700,NULL,'',NULL,'P-Bandai exclusive accessory kit for MG-175. Also compatible with RE-01.',12),(522,14,'RX-78-2 Gundam Ver. T.M.D.C.',NULL,'2017-10-01',0,NULL,'',NULL,'Gundam Docks at Taiwan/Uni-President Department Store exclusive color variant of MG-172. Includes special sticker sheet.',12),(523,14,'GAT-X207 Blitz Gundam (Mirage Colloid Clear Ver.)',NULL,'2012-08-01',4000,NULL,'',NULL,'Chara Hobby 2012 C3×HOBBY exclusive clear variant of MG-158.',12),(524,14,'RX-78-2 Gundam Ver.2.0 Pure Gold Plating Ver.',NULL,'2011-03-01',0,NULL,'',NULL,'club MG exclusive gold chrome plated color variant of MG-111. Offered to members with 150 points in the Point Service program.',12),(525,14,'RGM-96Xs Jesta (Shezarr Type, Team B & C)',NULL,'2019-04-01',4800,NULL,'',NULL,'P-Bandai exclusive color variant of MG-168 with new weapons and accessories. Uses duplicate C plate runners for color accuracy.',12),(526,14,'RX-0 Unicorn Gundam \"Ver.Ka\" Beam Gatling Gun [x2] Set',NULL,'2008-04-01',0,NULL,'',NULL,'Kadokawa exclusive accessory kit for MG-102. Bundled with the Limited Edition of Mobile Suit Gundam Unicorn novel Vol.4.',12),(527,14,'MS-06J Zaku II Ver.2.0 Katsumi Kawaguchi Produce Version',NULL,'2008-07-01',4000,NULL,'',NULL,'Bandai Hobby Proshop exclusive color variant of MG-097. Includes water slide decal sheet.',12),(528,14,'The Gundam Base Limited Sinanju [Mechanical Clear]',NULL,'2017-11-01',8100,NULL,'',NULL,'The Gundam Base Tokyo exclusive clear armor variant of MG-167. Includes water slide decal sheet.',12),(529,14,'GNT-0000 00 Qan[T] Clear Color Version',NULL,'2011-11-01',4500,NULL,'',NULL,'Gunpla Expo World Tour 2011 exclusive clear color variant of MG-140.',12),(530,14,'MS-06R-1 Breniss Ox\'s Zaku II',NULL,'2017-10-01',4500,NULL,'',NULL,'P-Bandai exclusive color variant of MG-106 with new hand armors. Includes water slide decal sheet.',12),(531,14,'XXXG-01SR Gundam Sandrock EW (Armadillo Unit)',NULL,'2020-10-01',5800,NULL,'',NULL,'P-Bandai exclusive re-release of MG-149 with Armadillo Unit. Includes water slide decal sheet.',12),(532,14,'MS-06F-2 Zaku II F2 (Clear Version)',NULL,'2007-02-01',0,NULL,'',NULL,'Modeler’s Cup 2007 exclusive clear variant of MG-048. Offered by Hobby Site as a prize in the contest.',12),(533,14,'RX-93 ν Gundam \"Ver.Ka\" [GDHKIII LIMITED]',NULL,'2018-08-01',0,NULL,'',NULL,'Gundam Docks at Hong Kong III exclusive clear color variant of MG-163. Includes water slide decal sheet.',12),(534,14,'G Gundam Version Up Parts',NULL,'2001-11-01',0,NULL,'',NULL,'Dengeki Hobby January 2002 issue exclusive accessory kit for MG-044. Includes extra hands, a G Gundam head with Domon Kasshu\'s face, a crushed Gundam head, and effect parts.',12),(535,14,'MS-14A Anavel Gato\'s Gelgoog Ver.2.0',NULL,'2018-08-01',5000,NULL,'',NULL,'P-Bandai exclusive parts and color variant of MG-107. Includes water slide decal sheet.',12),(536,14,'Ballute Pack',NULL,'2012-06-01',1400,NULL,'',NULL,'P-Bandai exclusive accessory kit originally bundled with MG-081. Compatible with MG-037, MG-070, MG-073, MG-077, MG-084, MG-157, and MG-187.',12),(537,14,'XM-X3 Crossbone Gundam X3 \"Ver.Ka',NULL,'2013-12-01',4500,NULL,'',NULL,'P-Bandai exclusive color variant of MG-089 with Muramasa Blaster and I-Field Generator parts. Includes water slide decal sheet.',12),(538,14,'MSZ-006-P2/3C Zeta Gundam III P2 Type Red Zeta',NULL,'2015-05-01',6500,NULL,'',NULL,'P-Bandai exclusive color variant of MG-083 with new parts. Includes water slide decal sheet. Fully transformable kit.',12),(539,14,'MS-06S Zaku II (J. Ridden\'s Custom)',NULL,'2013-05-01',3800,NULL,'',NULL,'P-Bandai exclusive color variant of MG-098. Includes water slide decal sheet.',12),(540,14,'GAT-X105 Aile Strike Gundam Ver.RM (China Red Color) + Full Pack Set',NULL,'2021-03-01',0,NULL,'',NULL,'Tmall.com exclusive color variant of MG-169 with MG AQM/E-X03 Launcher Striker/AQM/E-X02 Sword Striker Pack for Aile Strike Gundam Ver.RM, P202QX Integrated Weapons Striker Pack (I.W.S.P.) from MG-090, AQM/E-X09S Noir Striker from MG-096, EW454F Ootori Striker from MG-173, and P204QX Lightning Striker. Grand Slam Anti-ship Sword from I.W.S.P. features silver chrome plating. Includes Bazooka and water slide decal sheet.',12),(541,14,'RX-78-2 Gundam Ver.3.0 [Gold Coating]',NULL,'2018-01-01',0,NULL,'',NULL,'The Gundam Base Tokyo exclusive gold chrome plated variant of MG-172. Available for 1,000 points in The Gundam Base Tokyo\'s membership program.',12),(542,14,'MBF-P0X Gundam Astray Noir',NULL,'2014-01-01',5000,NULL,'',NULL,'P-Bandai exclusive parts and color variant of MG-130 with Noir Striker from MG-096. Includes water slide decal sheet.',12),(543,14,'MSN-04 Sazabi \"Ver.Ka\" Bronze Plating Ver.',NULL,'2013-12-01',0,NULL,'',NULL,'GBWC 2013 World Championship exclusive bronze chrome plated variant of MG-175. Offered as a prize to the Open Course and Junior Course 3rd Places in the contest. Limited to 2 units.',12),(544,14,'FA-93-ν2HWS Hi-ν Gundam H.W.S. \"Ver.Ka\" Mechanical Clear',NULL,'2015-11-01',10500,NULL,'',NULL,'Gunpla Expo World Tour 2015 exclusive clear armor variant of MG FA-93-ν2HWS Hi-ν Gundam HWS Ver.Ka.',12),(545,14,'RX-93 ν Gundam Ver.GFT',NULL,'2013-07-01',7200,NULL,'',NULL,'Gundam Front Tokyo exclusive re-release of MG-163 with red psychoframe parts. Includes water slide decal sheet.',12),(546,14,'Rocket Bazooka for Sinanju',NULL,'2009-04-01',0,NULL,'',NULL,'Kadokawa exclusive accessory kit for MG-116. Bundled with the Limited Edition of Mobile Suit Gundam Unicorn novel Vol.8.',12),(547,14,'MS-06S Zaku II (Char Aznable Custom) Ver.2.0 Titanium Finish',NULL,'2013-11-01',7000,NULL,'',NULL,'Gunpla Expo 2013 exclusive metallic color variant of MG-098.',12),(548,14,'OZ-00MS2B Tallgeese III [Special Coating]',NULL,'2020-01-01',9200,NULL,'',NULL,'Events and The Gundam Base Tokyo exclusive parts and color variant of MG-164. Metallic color variant of MG OZ-00MS2B Tallgeese III. Includes water slide decal sheet.',12),(549,14,'DRAGOON Formation Base for Gundam Astray Blue Frame D',NULL,'2014-11-01',1400,NULL,'',NULL,'P-Bandai exclusive accessory kit for MG-184. Includes Action Base 1 and display arms for each DRAGOON unit.',12),(550,14,'Mission Pack F-Type & M-Type for Gundam F90',NULL,'2019-11-01',2000,NULL,'',NULL,'P-Bandai exclusive accessory kit to convert MG F90 Gundam F90 into F90F Gundam F90 Fight Type or F90M Gundam F90 Marine Type; also compatible with MG F90II Gundam F90II. Includes water slide decal sheet. Released as part of P-Bandai\'s \"F90 A to Z Project\" to coincide with the 10th anniversary of P-Bandai.',12),(551,14,'Perfect Strike Gundam Special Coating Ver.',NULL,'2016-10-01',10000,NULL,'',NULL,'P-Bandai exclusive metallic color variant of MG-169 with Striker Packs originally offered in MG-108. Includes water slide decal sheet.',12),(552,14,'XXXG-01H2 Gundam Heavyarms Custom EW',NULL,'2016-10-01',4800,NULL,'',NULL,'P-Bandai exclusive parts and color variant of MG-151. Uses duplicates of the F plate runner. Includes clown mask, Trowa Barton (Mariemaia Army uniform) figurine and water slide decal sheet.',12),(553,14,'MS-06S Zaku II (Char Aznable Custom) Ver.2.0 Realtype Color',NULL,'2012-06-01',3800,NULL,'',NULL,'P-Bandai exclusive color variant of MG-098. Includes water slide decal sheet.',12),(554,14,'AMX-004DMD Qubeley Damned',NULL,'2018-11-01',5000,NULL,'',NULL,'P-Bandai exclusive parts and color variant of MG-041. Includes water slide decal sheet.',12),(555,14,'RX-121-1 Gundam TR-1 [Hazel Custom] (Combat Deployment Colors)',NULL,'2018-02-01',4500,NULL,'',NULL,'P-Bandai exclusive color variant of MG RX-121-1 Gundam TR-1 [Hazel Custom]. Includes water slide decal sheet.',12),(556,14,'GN-0000GNHW/7SG 00 Gundam Seven Sword/G [Clear Color]',NULL,'2017-11-01',5500,NULL,'',NULL,'Events and The Gundam Base Tokyo exclusive clear color variant of MG-148.',12),(557,14,'The Gundam Base Limited Crossbone Gundam X1 Full Cloth [Extra Finish]',NULL,'2018-07-01',7500,NULL,'',NULL,'The Gundam Base Tokyo exclusive metallic color variant of MG-094.',12),(558,14,'FF-X7 Core Fighter [G-3 Color]',NULL,'2018-08-01',0,NULL,'',NULL,'Banpresto exclusive color variant of Core Fighter from MG-172, offered as a lottery prize.',12),(559,14,'RX-78-2 Gundam Ver.One Year War 0079 Titanium Finish Ver.',NULL,'2011-03-01',0,NULL,'',NULL,'club MG exclusive metallic color variant of MG-078. Offered to members with 60 points in the Point Service program.',12),(560,14,'RX-78-3 G-3 Gundam Ver.One Year War 0079',NULL,'2008-08-01',3200,NULL,'',NULL,'Chara Hobby 2008 C3×HOBBY exclusive color variant of MG-078.',12),(561,14,'The Gundam Base Limited RX-78-2 Gundam Ver.3.0 [The Gundam Base Color]',NULL,'2019-11-01',4500,NULL,'',NULL,'The Gundam Base Tokyo exclusive color variant of MG-172.',12),(562,14,'MS-09 Dom (Ramba Ral Custom) Coating Version',NULL,'2000-09-01',6000,NULL,'',NULL,'Blitz Hobby Magazine Events exclusive color chrome plated variant of MG-021.',12),(563,14,'Expansion Effect Set for Freedom Gundam Ver.2.0',NULL,'2016-05-01',2000,NULL,'',NULL,'P-Bandai exclusive accessory kit for MG-192. Includes effect parts for each rifle/cannon and water slide decal sheet.',12),(564,14,'RX-0 Full Armor Unicorn Gundam (Mechanical Clear Ver.)',NULL,'2013-11-01',8000,NULL,'',NULL,'Gunpla Expo 2013 exclusive clear armor variant of MG-150',12),(565,14,'FF-X29A G-Parts [Hrududu] (Combat Deployment Colors)',NULL,'2018-07-01',2200,NULL,'',NULL,'P-Bandai exclusive accessory kit to convert MG RX-121-2A Gundam TR-1 [Advanced Hazel] or RX-121-1 Gundam TR-1 [Hazel Custom] (Combat Deployment Colors) into RX-121-1+FF-X29A Gundam TR-1 [Hazel-Rah] Second Form.  Includes black BA-13 Action Base 1 and water slide decal sheet.',12),(566,14,'Freedom Gundam Ver.2.0 Full Burst Mode Special Coating Ver.',NULL,'2016-05-01',10000,NULL,'',NULL,'P-Bandai exclusive metallic color variant of MG-192 with Expansion Effect Unit. Includes water slide decal sheet.',12),(567,14,'RX-0 Unicorn Gundam Green Frame/Color Clear',NULL,'2015-07-01',5200,NULL,'',NULL,'The Art of Gundam Exhibit exclusive clear color variant of MG-131 with green psychoframe.',12),(568,14,'MBF-P02 Gundam Astray Red Dragon',NULL,'2019-02-01',7000,NULL,'',NULL,'P-Bandai exclusive parts variant of MG-130. Includes black BA-13 Action Base 1 with additional clear Action Base 4 arm and water slide decal sheet.',12),(569,14,'RX-93-ν2 Hi-ν Gundam \"Ver.Ka\" Silver Plating Ver.',NULL,'2014-12-01',0,NULL,'',NULL,'GBWC 2014 World Championship exclusive silver chrome plated variant of MG-183. Offered as a prize to the Open Course and Junior Course 2nd Places in the contest. Limited to 2 units.',12),(570,14,'RX-0 Unicorn Gundam 03 Phenex (Narrative Ver.)',NULL,'2018-11-01',13000,NULL,'',NULL,'P-Bandai exclusive re-release of MG-179 with new tail stabilizer parts for Armed Armor DE units. Includes water slide decal sheet.',12),(571,14,'ZGMF-1001/M Blaze ZAKU Phantom / ZGMF-1000/M Blaze ZAKU Warrior',NULL,'2020-12-01',4500,NULL,'',NULL,'P-Bandai exclusive parts and color variant of MG-211. Includes head and shoulder parts of both units such that one can be built at any time, as well as water slide decal sheet.',12),(572,14,'The Gundam Base Limited Freedom Gundam Ver.2.0 [Clear Color]',NULL,'2017-08-01',4500,NULL,'',NULL,'The Gundam Base Tokyo exclusive clear color variant of MG-192.',12),(573,14,'MSA-003 Nemo (Unicorn Desert Color Ver.)',NULL,'2012-04-01',3000,NULL,'',NULL,'P-Bandai exclusive color variant of MG-084. Uses the E plate runner of MG-056 and duplicates of the A and E plate runners. Includes additional GM Rifle. 170mm cannon is sold separately with RE-008.',12),(574,14,'MS-07B Gouf Ver.2.0 Clear Color Version',NULL,'2010-08-01',3800,NULL,'',NULL,'Gunpla Super Expo Tokyo 2010 exclusive clear color variant of MG-120.',12),(575,14,'The Gundam Base Limited Victory Two Assault Buster Gundam \"Ver.Ka\" [Titanium Finish]',NULL,'2020-05-01',15000,NULL,'',NULL,'The Gundam Base Tokyo exclusive metallic color variant of MG LM314V23/24 Victory Two Assault Buster Gundam \"Ver.Ka\". Originally planned to be released in April 2020, but was delayed given The Gundam Base Tokyo\'s temporary closure due to COVID-19[18].',12),(576,14,'MS-09H Dwadge Custom',NULL,'2019-11-01',5500,NULL,'',NULL,'P-Bandai exclusive parts and color variant of MG MS-09G Dwadge. Uses Emotion Manipulator SP (MP2) plate runner. Includes water slide decal sheet.',12),(577,14,'RX-93 ν Gundam Clear Version',NULL,'2020-12-22',0,NULL,'',NULL,'The Gundam Base Korea exclusive clear armor variant of MG-034.',12),(578,14,'FA-93HWS ν Gundam HWS \"Ver.Ka',NULL,'2016-12-01',9400,NULL,'',NULL,'P-Bandai exclusive color variant of MG-163 with parts from P-Bandai exclusive HWS Expansion Set for RX-93 ν Gundam \"Ver.Ka\" and sky blue psychoframe. Includes water slide decal sheet.',12),(579,14,'MS-06S Zaku II (Char Aznable Custom) Ver.2.0 Cup Noodle Original Clear Color Ver.',NULL,'2011-08-01',0,NULL,'',NULL,'Nissin Cup Noodle exclusive clear color variant of MG-098. Offered as a grand prize in Nissin Cup Noodle\'s 40th anniversary campaign. Limited to 1,000 units.',12),(580,14,'RX-78-2 Gundam Ver.1.5 Plated Version',NULL,'2003-08-01',6000,NULL,'',NULL,'Bandai Museum exclusive color chrome plated variant of MG-028.',12),(581,14,'MS-14 Gelgoog (Anavel Gato Custom) Coating Version',NULL,'1999-10-01',5500,NULL,'',NULL,'The 39th All Japan Model & Hobby Show 1999 exclusive chrome color plated variant of MG-008. Includes 1/20 scale Anavel Gato figure.',12),(582,14,'Expansion Effect Unit \"Wings of Light\" for Victory Two Gundam \"Ver.Ka',NULL,'2016-01-01',2000,NULL,'',NULL,'P-Bandai exclusive accessory kit for MG-191. Includes pink and blue effect parts and a pearl white BA-13 Action Base 1.',12),(583,14,'Gunpla LED Unit Red (2 Unit Set)',NULL,'2011-10-01',1100,NULL,'',NULL,'P-Bandai exclusive accessory kit for MG-129, as well as most MG kits that feature light-up gimmicks. Requires two LR41 watch batteries each. Also compatible with HGBC-000.',12),(584,14,'MS-06F-2 Neuen Bitter\'s Zaku II F2',NULL,'2018-11-01',3500,NULL,'',NULL,'P-Bandai exclusive color variant of MG-048. Includes Zaku Bazooka, Stürm Faust, and water slide decal sheet.',12),(585,14,'XXXG-01Wfr Gundam Fenice Rinascita [Clear Color]',NULL,'2017-08-01',4800,NULL,'',NULL,'Events and The Gundam Base Tokyo exclusive clear color variant of MG-188 to promote \"Gundam Build Fighters World\".',12),(586,14,'MS-06R-1A Masaya Nakagawa\'s Zaku II',NULL,'2017-08-01',4500,NULL,'',NULL,'P-Bandai exclusive color variant of MG-103 with new head and shoulder armors. Includes water slide decal sheet.',12),(587,14,'FF-X7 Core Fighter [Full Armor Color]',NULL,'2018-08-01',0,NULL,'',NULL,'Banpresto exclusive color variant of Core Fighter from MG-172, offered as a lottery prize.',12),(588,14,'RX-78-2 Gundam Ver.One Year War 0079 (Movie Image Color)',NULL,'2007-11-01',5000,NULL,'',NULL,'Yahoo! Shopping exclusive color variant of MG-078 to commemorate the release of the Mobile Suit Gundam movie trilogy DVD memorial boxed set.',12),(589,14,'HWS Expansion Set for ν Gundam \"Ver.Ka',NULL,'2016-12-01',2400,NULL,'',NULL,'P-Bandai exclusive accessory kit to convert MG-163 into FA-93HWS ν Gundam Heavy Weapons System Type. Includes water slide decal sheet.',12),(590,14,'RX-0 Full Armor Unicorn Gundam [Red Color Ver.]',NULL,'2014-08-01',8000,NULL,'',NULL,'P-Bandai exclusive re-release of MG-150 with red psychoframe. Includes water slide decal sheet.',12),(591,14,'GNX-609T GN-XIII (ESF Colors)',NULL,'2018-12-01',4300,NULL,'',NULL,'P-Bandai exclusive color variant of MG GNX-609T GN-XIII A-Laws Type. Includes water slide decal sheet.',12),(592,14,'MSN-04 Sazabi \"Ver.Ka\" [GDHKIII LIMITED]',NULL,'2018-08-01',0,NULL,'',NULL,'Gundam Docks at Hong Kong III exclusive clear color variant of MG-175. Includes water slide decal sheet.',12),(593,14,'Gundam RX-78-2 Master Grade Series 10th Anniversary Model',NULL,'2005-12-01',3500,NULL,'',NULL,'Asia exclusive color variant of MG-01. Includes water slide decal sheet. Released to commemorate the 10th anniversary of Master Grade.',12),(594,14,'MS-06S Zaku II Clear Ver.',NULL,'2006-08-01',0,NULL,'',NULL,'Modeler’s Cup 2006 exclusive clear variant of MG-002. Offered as a prize in the contest.',12),(595,14,'RX-0 Unicorn Gundam Beam Gatling Gun [x2] Set Ver.Animecolor',NULL,'2011-03-01',740,NULL,'',NULL,'Gundam UC ACE Vol.2 exclusive accessory kit for MG-102. Color variant of the accessory kit originally offered in the Limited Edition of Mobile Suit Gundam Unicorn novel Vol.4.',12),(596,14,'RX-121-1 Gundam TR-1 [Hazel Custom]',NULL,'2017-09-01',4500,NULL,'',NULL,'P-Bandai exclusive release. Uses the F, G, and K plate runners of MG-082. Includes water slide decal sheet. Additional Shield Boosters sold separately as P-Bandai exclusive accessory kit.',12),(597,14,'XXXG-00W0 Wing Gundam Zero (Pearl Mirror Coating Version)',NULL,'2005-08-01',8000,NULL,'',NULL,'Chara Hobby 2005 C3×HOBBY exclusive special coating variant of MG-075. The special coating consists of pearl coating on the wings and white armor parts, and metallic coating on other armor parts.',12),(598,14,'RX-78-2 Gundam Clear Ver.',NULL,'1995-12-22',0,NULL,'',NULL,'Modeler’s Cup 1995 exclusive clear variant of MG-001. Offered as a prize in the contest.',12),(599,14,'RX-78-2 Gundam Ver.3.0 GFT',NULL,'2013-12-01',4500,NULL,'',NULL,'Gundam Front Tokyo exclusive gloss color variant of MG-172 with an additional sticker sheet to replicate the \"Wall-G\" projector screen on the cockpit hatch.',12),(600,14,'FF-X7 Core Fighter [Clear]',NULL,'2018-08-01',0,NULL,'',NULL,'Banpresto exclusive clear variant of Core Fighter from MG-172, offered as a lottery prize.',12),(601,14,'MS-06F Zaku II (Dozle Zabi Custom)',NULL,'2014-06-01',4500,NULL,'',NULL,'P-Bandai exclusive parts and color variant of MG-103. Includes special engraving seal and water slide decal sheet.',12),(602,14,'RX-121-2 Gundam TR-1 [Hazel Owsla]',NULL,'2020-12-01',8000,NULL,'',NULL,'P-Bandai exclusive parts variant of MG RX-121-1 Gundam TR-1 [Hazel Custom]. Includes water slide decal sheet.',12),(603,14,'ZGMF-X56S Impulse Gundam Full Color Plating Version',NULL,'2009-08-01',6000,NULL,'',NULL,'Chara Hobby 2009 C3×HOBBY and Gunpla Expo 2009 exclusive color chrome plated variant of MG-109 without the α Force Silhouette pack.',12),(604,14,'Expansion Parts Set for Gundam Barbatos',NULL,'2020-10-01',3100,NULL,'',NULL,'P-Bandai exclusive accessory kit to convert MG-212 into any of its six other forms. Includes TK-53 CGS Mobile Worker (with parts to create Commander Type), Orga Itsuka figurine and water slide decal sheet.',12),(605,14,'AAPE RX-78-2 Gundam GRN-CAMO',NULL,'2018-03-01',0,NULL,'',NULL,'Aape by A Bathing Ape, P-Bandai Hong Kong and The Gundam Base Tokyo exclusive color variant of MG-172. Includes camouflage marking sheet.',12),(606,14,'Gunpla LED Unit Yellow (2 Unit Set)',NULL,'2015-12-01',1100,NULL,'',NULL,'P-Bandai exclusive accessory kit for MG-172 and MG-190, as well as most MG kits that feature light-up gimmicks. Requires two LR41 watch batteries each. Also compatible with HGBC-000.',12),(607,14,'GNT-0000/FS 00 Qan[T] Full Saber [Special Coating]',NULL,'2019-07-01',11000,NULL,'',NULL,'P-Bandai exclusive color chrome plated variant of MG-205. Includes water slide decal sheet.',12),(608,14,'GX-9900 Gundam X Unit 3',NULL,'2018-07-01',4000,NULL,'',NULL,'P-Bandai exclusive color variant of MG-177. Appears in new bonus manga \"If I\'m With You\" included in the After War Gundam X Blu-ray memorial box set[15]. Includes water slide decal sheet.',12),(609,14,'Tomino-exhibition limited Gundam F91 Ver.2.0 ORIGINAL PLAN Ver.',NULL,'2019-07-01',4500,NULL,'',NULL,'The World of Tomino Yoshiyuki exhibition exclusive color variant of MG-203.',12),(610,14,'XXXG-01S2 Altron Gundam EW',NULL,'2015-12-01',4500,NULL,'',NULL,'P-Bandai exclusive parts and color variant of MG-143. Includes display stand for Dragon Fang, Chang Wufei (Mariemaia Army uniform) figurine and water slide decal sheet.',12),(611,14,'MSZ-006-3B Zeta Gundam III B Type Gray Zeta',NULL,'2015-02-01',6500,NULL,'',NULL,'P-Bandai exclusive color variant of MG-083 with new parts. Includes water slide decal sheet. Fully transformable kit.',12),(612,14,'MS-09R Rick-Dom Coating & Clear Version',NULL,'2000-07-01',6000,NULL,'',NULL,'9th Japan Fantastic Convention exclusive metallic color variant of MG-023 with clear color armor parts.',12),(613,14,'RX-93 ν Gundam \"Ver.Ka\" Bronze Plating Ver.',NULL,'2012-12-01',0,NULL,'',NULL,'GBWC 2012 World Championship exclusive bronze chrome plated variant of MG-163.  Includes water slide decal sheet. Offered as a prize to the Open Course and Junior Course 3rd Places in the contest. Limited to 2 units.',12),(614,14,'RX-78-2 Gundam Ver.2.0 Mechanical Clear Ver.',NULL,'2009-06-01',4200,NULL,'',NULL,'Bandai Hobby Proshop exclusive clear armor variant of MG-111. Includes water slide decal sheet.',12),(615,14,'GN-0000GNHW/7SGD2 00 Gundam Seven Sword/G Inspection',NULL,'2014-09-01',5500,NULL,'',NULL,'P-Bandai exclusive color variant of MG-148.',12),(616,14,'MS-06J Zaku II Ver.2.0 Realtype Color Version',NULL,'2008-08-01',4000,NULL,'',NULL,'Gunpla Expo 2008 exclusive color variant of MG-097. Includes water slide decal sheet.',12),(617,14,'ZGMF-X20A Strike Freedom Gundam Mechanic Designer Okawara Kunio Exhibition Ver.',NULL,'2015-08-01',6000,NULL,'',NULL,'Mechanic Designer Okawara Kunio Exhibition @ Ueno Mori exclusive color variant of MG-093. Includes \"Wing of the Sky\" effect parts that spell the letters \"K\" and \"O\".',12),(618,14,'MS-06F/J Zaku II Clear Version',NULL,'2003-08-01',0,NULL,'',NULL,'Modeler’s Cup 2003 exclusive clear variant of MG-003. Offered as a prize in the contest.',12),(619,14,'MS-06J Zaku II The Gravity Front Image Color Version',NULL,'2009-07-01',3500,NULL,'',NULL,'P-Bandai exclusive color variant of MG-097.',12),(620,14,'F90 Gundam F90',NULL,'2019-08-01',4000,NULL,'',NULL,'P-Bandai exclusive release. Includes water slide decal sheet. Released as part of P-Bandai\'s \"F90 A to Z Project\" to coincide with the 10th anniversary of P-Bandai.',12),(621,14,'MS-09RS Rick Dom (Casval Custom) Coating Version',NULL,'2000-09-01',6000,NULL,'',NULL,'Plamodel Radicon Fair 2000 exclusive color chrome plated variant of MG-023.',12),(622,14,'FA-010A FAZZ \"Ver.Ka\" [Titanium Finish]',NULL,'2020-08-01',22000,NULL,'',NULL,'The Gundam Base Tokyo exclusive metallic color variant of MG-213.',12),(623,14,'XM-X2 Crossbone Gundam X2 \"Ver.Ka',NULL,'2013-06-01',4500,NULL,'',NULL,'P-Bandai exclusive color variant of MG-089 with Shot Lancer and Beam Shield effect part. Includes Zabine Chareux figurine and water slide decal sheet.',12),(624,14,'WD-M01 ∀ Gundam Gold Plating Version',NULL,'2007-10-01',0,NULL,'',NULL,'Master Grade No.100 Countdown Campaign exclusive gold chrome plated variant of MG-100. Released to commemorate the 100th MG release. Limited to 100 units.',12),(625,14,'Hyaku-Shiki Raise Cain',NULL,'2021-02-01',12000,NULL,'',NULL,'P-Bandai exclusive gold chrome plated variant of MG MSR-00100CR Hyaku Shiki Crash. Includes water slide decal sheet.',12),(626,14,'RX-78-2 Gundam Ver.1.5 Clear Version',NULL,'2020-12-22',0,NULL,'',NULL,'The Gundam Base Korea exclusive clear armor variant of MG-028.',12),(627,14,'RX-78-02 Gundam The Origin [Solid Clear/Reverse]',NULL,'2019-09-01',0,NULL,'',NULL,'Banpresto exclusive re-release of MG-190 with clear color armor parts, offered as a lottery prize. Clear color armor parts are complementary to that in MG RX-78-02 Gundam The Origin [Solid Clear/Standard][17].',12),(628,14,'RX-78-2 Gundam Ver.2.0 China Special',NULL,'2012-07-01',0,NULL,'',NULL,'China exclusive color variant of MG-111. Includes display base and additional sticker sheet designed by Chen Hui.',12),(629,14,'F90II-I Gundam F90II I-Type',NULL,'2020-07-01',6000,NULL,'',NULL,'P-Bandai exclusive parts and color variant of MG F90 Gundam F90; I-Type equipments also compatible with MG F90 Gundam F90. Includes support stand for Flight Shield and water slide decal sheet. Released as part of P-Bandai\'s \"F90 A to Z Project\".',12),(630,14,'RX-78-2 Gundam Realtype Color',NULL,'2013-03-01',4300,NULL,'',NULL,'Super Kunio Okawara Exhibition - Legend of Mechanics exclusive color variant of MG-111. Available at Hyogo Prefectural Museum of Art from March 23, 2013 to May 19, 2013. Includes special decal sheet.',12),(631,14,'Version Up Parts',NULL,'2020-12-22',0,NULL,'',NULL,'Exclusive accessory kit for MG-001 & MG-003. Includes Beam Rifle from Rx-78 Gundam, Machine Gun from MS-06F/J Zaku II, and heads of both mobile suits in black.',12),(632,14,'MSM-07 Z\'Gok (Unicorn Ver.)',NULL,'2013-11-01',3000,NULL,'',NULL,'P-Bandai exclusive color variant of MG-061.',12),(633,14,'ORX-013 Gundam Mk-V',NULL,'2020-12-22',0,NULL,'',NULL,'P-Bandai exclusive release.',12),(634,14,'RX-78-2 Gundam Ver.1.5 Katsumi Kawaguchi Produce Version',NULL,'2007-09-01',3000,NULL,'',NULL,'Bandai Hobby Proshop exclusive color variant of MG-028. Includes water slide decal sheet.',12),(635,14,'Qubeley Embellir',NULL,'2020-08-01',5400,NULL,'',NULL,'P-Bandai exclusive gloss color variant of MG AMX-004DMD Qubeley Damned. Includes water slide decal sheet.',12),(636,14,'FHA-03M1 Mega Bazooka Launcher',NULL,'2015-07-01',2800,NULL,'',NULL,'P-Bandai exclusive accessory kit for MG-187. Includes water slide decal sheet.',12),(637,14,'RGC-80 GM Cannon (North America Front)',NULL,'2017-04-01',4000,NULL,'',NULL,'P-Bandai exclusive color variant of MG RGC-80 GM Cannon. Includes water slide decal sheet.',12),(638,14,'RX-78-2 Gundam Ver.3.0 Success Original Color Model',NULL,'2017-09-01',0,NULL,'',NULL,'Kao Corporation exclusive color variant of MG-172 as a raffle prize to commemorate the 30th anniversary of their \"Success\" male health and beauty products. Bundled with two tickets for the theatrical release of Mobile Suit Gundam The Origin V: Clash at Loum and a mini poster of Char Aznable using Success shampoo.',12),(639,14,'The Gundam Base Limited Aile Strike Gundam Ver.RM [Clear Color]',NULL,'2017-08-01',4400,NULL,'',NULL,'The Gundam Base Tokyo exclusive clear color variant of MG-169.',12),(640,14,'WD-M01 ∀ Gundam (Moonlight Butterfly Ver.)',NULL,'2015-07-01',5500,NULL,'',NULL,'P-Bandai exclusive color variant of MG-100. Contains Moonlight Butterfly effect parts and clear Action Base 1.',12),(641,14,'MS-09R Rick Dom (Dozle Zabi Custom)',NULL,'2015-03-01',5500,NULL,'',NULL,'P-Bandai exclusive parts and color variant of MG-023. Includes special engraving seal and water slide decal sheet.',12),(642,14,'XXXG-01S Shenlong Gundam EW Liaoya',NULL,'2019-05-01',4500,NULL,'',NULL,'P-Bandai exclusive re-release of MG-143 with Liaoya and new parts for Shenlong Shield. Includes water slide decal sheet.',12),(643,14,'ZGMF-X20A Strike Freedom Gundam  Clear Color Version',NULL,'2007-04-01',4800,NULL,'',NULL,'Gunpla Expo 2007, 2008 & 2009 exclusive clear color variant of MG-093.',12),(644,14,'GN-002 Gundam Dynames (Trans-Am Mode) [Metallic Gloss Injection]',NULL,'2019-11-01',4500,NULL,'',NULL,'P-Bandai exclusive metallic gloss color variant of MG-207. Includes water slide decal sheet.',12),(645,14,'MS-06R-2 Robert Gilliam\'s Zaku II',NULL,'2016-11-01',4500,NULL,'',NULL,'P-Bandai exclusive color variant of MG MS-06R-2 Zaku II (Gabby Hazard Custom). Includes water slide decal sheet.',12),(646,14,'RX-0 Full Armor Unicorn Gundam \"Ver.Ka\" Bronze Plating Ver.',NULL,'2011-12-01',0,NULL,'',NULL,'GBWC 2011 World Championship exclusive bronze chrome plated variant of MG-150. Offered as a prize to the Open Course and Junior Course 3rd Places in the contest. Limited to 2 units.',12),(647,14,'RX-78-2 Gundam Ver.2.0 [Solid Clear/Standard]',NULL,'2020-09-01',0,NULL,'',NULL,'Banpresto exclusive re-release of MG-111 with clear color armor parts, offered as a lottery prize.',12),(648,14,'RX-78-2 Gundam Ver.3.0 [Solid Clear/Reverse Last One]',NULL,'2018-08-01',0,NULL,'',NULL,'Banpresto exclusive re-release of MG RX-78-2 Gundam Ver.3.0 [Solid Clear/Reverse] with exclusive box cover, offered as a lottery prize.',12),(649,14,'MSZ-010S Enhanced ZZ Gundam \"Ver.Ka',NULL,'2017-12-01',8000,NULL,'',NULL,'P-Bandai exclusive color variant of MG-198 with parts from P-Bandai exclusive Enhanced Expansion Parts for MSZ-010 ZZ Gundam \"Ver.Ka\". Includes water slide decal sheet.',12),(650,14,'RX-93-ν2 Hi-ν Gundam \"Ver.Ka\" Bronze Plating Ver.',NULL,'2014-12-01',0,NULL,'',NULL,'GBWC 2014 World Championship exclusive bronze chrome plated variant of MG-183. Offered as a prize to the Open Course and Junior Course 3rd Places in the contest. Limited to 2 units.',12),(651,14,'FA-78-2 Heavy Gundam',NULL,'2015-09-01',4500,NULL,'',NULL,'P-Bandai exclusive parts and color variant of MG-067. Includes water slide decal sheet.',12),(652,14,'RX-78-2 Gundam Titanium Finish Ver.',NULL,'2011-03-01',0,NULL,'',NULL,'club MG exclusive metallic color variant of MG-001. Offered to members with 50 points in the Point Service program.',12),(653,14,'RX-78-2 Gundam Ver.One Year War 0079 Chrome Plating Ver.',NULL,'2011-03-01',0,NULL,'',NULL,'club MG exclusive silver chrome plated color variant of MG-078. Offered to members with 60 points in the Point Service program.',12),(654,14,'MS-06S Zaku II (Black Tri-Stars Custom)',NULL,'2012-09-01',3500,NULL,'',NULL,'P-Bandai exclusive color variant of MG-098. Includes water slide decal sheet.',12),(655,14,'ZGMF-X56S/ι Destiny Impulse Gundam R',NULL,'2014-02-01',5200,NULL,'',NULL,'P-Bandai exclusive parts and color variant of MG-109. Includes DI Adaga head and water slide decal sheet. Fully transformable kit.',12),(656,14,'RGM-89D Jegan D Type',NULL,'2019-04-01',4200,NULL,'',NULL,'P-Bandai exclusive parts and color variant of MG-204. Includes water slide decal sheet.',12),(657,14,'RX-78-1 Prototype Gundam',NULL,'2014-02-01',4200,NULL,'',NULL,'P-Bandai exclusive parts and color variant of MG-111. Includes water slide decal sheet.',12),(658,14,'YMS-07 Prototype Gouf',NULL,'2017-01-01',4500,NULL,'',NULL,'P-Bandai exclusive parts and color variant of MG-120. Includes water slide decal sheet.',12),(659,14,'MBF-P02 Gundam Astray Red Frame',NULL,'2014-01-01',4500,NULL,'',NULL,'P-Bandai exclusive re-release of MG-130 with the Tactical Arms IIL replaced by regular Red Frame backpack. Includes Beam Rifle, Shield and water slide decal sheet.',12),(660,14,'RX-78-02 Gundam The Origin [Solid Clear/Standard]',NULL,'2019-09-01',0,NULL,'',NULL,'Banpresto exclusive re-release of MG-190 with clear color armor parts, offered as a lottery prize.',12),(661,14,'LM314V23/24 Victory Two Assault Buster Gundam \"Ver.Ka',NULL,'2018-12-01',7000,NULL,'',NULL,'P-Bandai exclusive parts and color variant of MG-191, with inner frame revised to account for the weight of new equipment. Features gold metallic coating on yellow armor parts. Includes water slide decal sheet.',12),(662,14,'The Gundam Base Limited Gundam Barbatos [Clear Color]',NULL,'2020-06-01',4500,NULL,'',NULL,'The Gundam Base Tokyo exclusive clear color variant of MG-212.',12),(663,14,'MS-06F-2 Zaku II F2 (Blue Clear Version)',NULL,'2007-02-01',0,NULL,'',NULL,'Modeler’s Cup 2007 exclusive clear blue variant of MG-048. Offered by Dengeki Hobby Magazine as a prize in the contest.',12),(664,14,'RMS-179 GM II (A.E.U.G. Color Ver.)',NULL,'2020-09-01',3500,NULL,'',NULL,'P-Bandai exclusive color variant of MG RMS-179 GM II. Includes water slide decal sheet.',12),(665,14,'XXXG-01D Gundam Deathscythe EW (Roussette Unit)',NULL,'2020-04-01',4500,NULL,'',NULL,'P-Bandai exclusive re-release of MG-138 with Roussette Unit. Includes water slide decal sheet.',12),(666,14,'RX-0[N] Unicorn Gundam 02 Banshee Norn',NULL,'2014-06-01',6000,NULL,'',NULL,'P-Bandai exclusive parts variant of MG-155. Includes Riddhe Marcenas figurine as well as a leftover Banagher Links figurine from MG-102, and water slide decal sheet.',12),(667,14,'The Gundam Base Limited Trans-Am Raiser [Clear Color]',NULL,'2017-09-01',6500,NULL,'',NULL,'The Gundam Base Tokyo exclusive clear color variant of MG-145.',12),(668,14,'Gundam RX-79[G] Camouflage Coating Variation',NULL,'2001-08-01',5500,NULL,'',NULL,'Chara Hobby 2001 C3×HOBBY exclusive color variants of MG-027. Features randomly 1 out of 9 possible camouflage patterns (3 forest patterns, 3 cold district patterns and 3 desert patterns).',12),(669,14,'RX-93 ν Gundam \"Ver.Ka\" Gold Plating Ver.',NULL,'2012-12-01',0,NULL,'',NULL,'GBWC 2012 World Championship exclusive gold chrome plated variant of MG-163.  Includes water slide decal sheet. Offered as a prize to the Open Course and Junior Course Champions in the contest. Limited to 2 units.',12),(670,14,'Assault Buster Expansion Part for Victory Two Gundam \"Ver.Ka',NULL,'2018-12-01',2500,NULL,'',NULL,'P-Bandai exclusive accessory kit to convert MG-191 into LM314V23/24 Victory Two Assault Buster Gundam \"Ver.Ka\". Includes new parts for inner frame and water slide decal sheet.',12),(671,14,'Providence Gundam [Special Coating]',NULL,'2018-01-01',12000,NULL,'',NULL,'P-Bandai exclusive metallic color variant of MG-196. Includes 11 clear blue thruster effect parts with clear arm joints and 19 clear green beam effect parts for the DRAGOON units, clear red ZAFT Action Base, and water slide decal sheet.',12),(672,14,'RGM-79SP GM Sniper II [Clear Color]',NULL,'2018-05-01',4000,NULL,'',NULL,'Events and The Gundam Base Tokyo exclusive clear color variant of MG-195.',12),(673,14,'RX-178 Gundam Mk-II Head',NULL,'2019-09-01',0,NULL,'',NULL,'Banpresto exclusive re-release of MG-014\'s head, offered as a lottery prize.',12),(674,14,'FF-X7 Core Fighter [Prototype Color]',NULL,'2018-08-01',0,NULL,'',NULL,'Banpresto exclusive color variant of Core Fighter from MG-172, offered as a lottery prize.',12),(675,14,'RGZ-91 Re-GZ (Unicorn Ver.)',NULL,'2019-12-01',5300,NULL,'',NULL,'P-Bandai exclusive parts and color variant of MG-039. Includes water slide decal sheet. Fully transformable kit.',12),(676,14,'Mission Pack E-Type & S-Type for Gundam F90',NULL,'2019-08-01',2000,NULL,'',NULL,'P-Bandai exclusive accessory kit to convert MG F90 Gundam F90 into F90E Gundam F90 Electronic Type or F90S Gundam F90 Support Type; also compatible with MG F90II Gundam F90II. Includes water slide decal sheet. Released as part of P-Bandai\'s \"F90 A to Z Project\" to coincide with the 10th anniversary of P-Bandai.',12),(677,14,'RX-93 ν Gundam \"Ver.Ka\" Double Fin Funnel Custom Unit',NULL,'2013-01-01',2000,NULL,'',NULL,'P-Bandai exclusive accessory kit to convert MG-163 into RX-93 ν Gundam Double Fin Funnel Type. Includes six Fin Funnels with beam effect parts and clear display arms, an Amuro insignia display base from MG-095, and water slide decal sheet.',12),(678,14,'OZ-00MS2B Tallgeese III',NULL,'2015-01-01',4500,NULL,'',NULL,'P-Bandai exclusive parts and color variant of MG-164. Includes Zechs Merquise (OVA version) figurine and water slide decal sheet.',12),(679,14,'GN-0000+GNR-010/XN 00 XN Raiser [Clear Color]',NULL,'2021-01-01',8000,NULL,'',NULL,'P-Bandai exclusive clear color variant of MG GN-0000+GNR-010/XN 00 XN Raiser.',12),(680,14,'MS-07B Gouf (M\'Quve Custom)',NULL,'2014-08-01',4500,NULL,'',NULL,'P-Bandai exclusive parts and color variant of MG-120. Includes special engraving seal and water slide decal sheet.',12),(681,14,'RX-78-2 Gundam Ver.One Year War 0079 Cup Noodle Original Color Version',NULL,'2009-08-01',0,NULL,'',NULL,'Nissin Cup Noodle exclusive color variant of MG-078. Offered as a grand prize in Nissin Cup Noodle\'s Gundam 30th Anniversary campaign. Limited to 1,000 units.',12),(682,14,'G.H.L-M.A.D Gun',NULL,'2019-02-01',2500,NULL,'',NULL,'Gundam Hobby Life 014 exclusive accessory kit for MG RX-78TB-2[SB] Gundam Stormbringer and MG RB-79PP Polypodball. Includes connector parts for MG RB-79PP Polypodball.',12),(683,14,'Gundam RX-78 NT-1 Gold Plating Version',NULL,'2020-12-22',0,NULL,'',NULL,'Character Plastic Model Contest 2000 exclusive gold chrome plated variant of MG-022. Offered as a prize in the contest.',12),(684,14,'AMS-119 Geara Doga (Rezin Schnyder\'s Use)',NULL,'2013-10-01',4800,NULL,'',NULL,'P-Bandai exclusive color variant of MG-171.',12),(685,14,'GNX-609T GN-XIII A-Laws Type',NULL,'2018-05-01',4300,NULL,'',NULL,'P-Bandai exclusive parts and color variant of MG-129. Includes water slide decal sheet. Released to commemorate the 10th anniversary of Gundam 00.',12),(686,14,'Gundam AGE-1F/2',NULL,'2013-08-01',3500,NULL,'',NULL,'P-Bandai exclusive color variant of MG-153.',12),(687,14,'XXXG-01SR2 Gundam Sandrock Custom EW',NULL,'2017-10-01',4800,NULL,'',NULL,'P-Bandai exclusive parts and color variant of MG-149. Includes mantle made of ABS plastic and water slide decal sheet.',12),(688,14,'MSR-00100CR Hyaku-Shiki Crash',NULL,'2019-01-01',5800,NULL,'',NULL,'P-Bandai exclusive parts and color variant of MG-187. Includes water slide decal sheet.',12),(689,14,'MS-06K Ian Graden\'s Zaku Cannon',NULL,'2018-07-01',5000,NULL,'',NULL,'P-Bandai exclusive color variant of MG-112. Includes water slide decal sheet.',12),(690,14,'ZGMF-X09A Justice Gundam [Clear Color]',NULL,'2017-11-01',5000,NULL,'',NULL,'Events and The Gundam Base Tokyo exclusive color chrome plated variant of MG-197.',12),(691,14,'RGM-96X Jesta Cannon',NULL,'2015-11-01',5000,NULL,'',NULL,'P-Bandai exclusive parts variant of MG-168. Includes water slide decal sheet.',12),(692,14,'MSR-00100S M.P.T.Hyakushiki-Kai',NULL,'2015-12-01',5500,NULL,'',NULL,'P-Bandai exclusive gloss injection color variant of MG-187 with new head, backpack and shoulder armors (I plate runners). Includes water slide decal sheet.',12),(693,14,'The Gundam Base Limited MS Cage',NULL,'2019-04-01',2000,NULL,'',NULL,'The Gundam Base Tokyo exclusive accessory kit; re-release of the MS Cage display stand from MG RX-0 Unicorn Gundam HD Color + MS Cage. Includes all six figurines from the orginal kit.',12),(694,14,'RX-78/C.A Casval\'s Gundam Ver.3.0',NULL,'2017-08-01',4500,NULL,'',NULL,'P-Bandai exclusive color variant of MG-172 with new CA plate runner for Shield and waist armor. Includes water slide decal sheet.',12),(695,14,'Shield Booster Expansion Set for Gundam TR-1 [Hazel Custom]',NULL,'2018-07-01',1500,NULL,'',NULL,'P-Bandai exclusive accessory kit for MG RX-121-1 Gundam TR-1 [Hazel Custom]. Includes water slide decal sheet.',12),(696,14,'RX-78-2 Gundam Ver.2.0 [Solid Clear/Reverse]',NULL,'2020-09-01',0,NULL,'',NULL,'Banpresto exclusive re-release of MG-111 with clear color armor parts, offered as a lottery prize. Clear color armor parts are complementary to that in MG RX-78-2 Gundam Ver.2.0 [Solid Clear/Standard][19].',12),(697,14,'GNX-604T Deborah\'s Advanced GN-X',NULL,'2017-11-01',4200,NULL,'',NULL,'P-Bandai exclusive color variant of MG GNX-604T Advanced GN-X. Includes water slide decal sheet.',12),(698,14,'Mission Pack O-Type & U-Type for Gundam F90',NULL,'2020-09-01',2000,NULL,'',NULL,'P-Bandai exclusive accessory kit to convert MG F90 Gundam F90 into F90O Gundam F90 Officer Type or F90U Gundam F90 Up-Lift Type; also compatible with MG F90II Gundam F90II. Includes water slide decal sheet. Released as part of P-Bandai\'s \"F90 A to Z Project\".',12),(699,14,'Gundam GP03S Plated Version',NULL,'2003-12-01',0,NULL,'',NULL,'Gunpla Expo Hong Kong 2003 exclusive silver chrome plated variant of MG-038.',12),(700,14,'Enhanced Expansion Parts for ZZ Gundam \"Ver.Ka',NULL,'2017-12-01',2000,NULL,'',NULL,'P-Bandai exclusive accessory kit to convert MG-198 into MSZ-010S Enhanced ZZ Gundam. Includes water slide decal sheet.',12),(701,14,'Mission Pack B-Type & K-Type for Gundam F90',NULL,'2020-03-01',2000,NULL,'',NULL,'P-Bandai exclusive accessory kit to convert MG F90 Gundam F90 into F90B Gundam F90 Bombard Type or F90K Gundam F90 Endurance (Keep) Type; also compatible with MG F90II Gundam F90II. Includes water slide decal sheet. Released as part of P-Bandai\'s \"F90 A to Z Project\" to coincide with the 10th anniversary of P-Bandai.',12),(702,14,'Flight Unit Expansion Set for Gundam Astray Red Frame',NULL,'2020-08-01',2000,NULL,'',NULL,'P-Bandai exclusive accessory kit to convert MG MBF-P02 Gundam Astray Red Frame into MBF-P02 Gundam Astray Red Frame Flight Unit. Includes water slide decal sheet.',12),(703,14,'MS-06S Zaku II (Char Aznable Custom) Ver.2.0 Clear Color Ver.',NULL,'2010-08-01',3500,NULL,'',NULL,'Gunpla Super Expo Tokyo 2010 exclusive clear color variant of MG-098.',12),(704,14,'RX-78-02 Gundam The Origin Mechanical Clear Ver.',NULL,'2016-08-01',4900,NULL,'',NULL,'The Gundam Product Art Exhibition exclusive clear armor variant of MG-190.',12),(705,14,'RGM-79D GM Cold Districts Type',NULL,'2019-06-01',3900,NULL,'',NULL,'P-Bandai exclusive parts and color variant of MG-200. Includes NFHI GMG-TYPE2 90mm Bullpup Machine Gun.',12),(706,14,'GAT-X105B/ST Star Build Strike Gundam (RG System Ver.)',NULL,'2016-04-01',6000,NULL,'',NULL,'P-Bandai exclusive sparkle clear/pearl color variant of MG-176 (without Build Booster) and MG-181 (without Plavsky Wing effect parts). Includes two sparkle clear blue display bases.',12),(707,14,'RB-79PP Polypodball',NULL,'2018-08-01',3000,NULL,'',NULL,'P-Bandai exclusive color variant of MG-076 (excluding display base) with new G and H plate runners (x4) for the legs. Water slide decal sheet is sold separately with MG RX-78TB-2[SB] Gundam Stormbringer. G.H.L-M.A.D Gun was sold separately. First MG kit from the Gundam Build Divers series.',12),(708,14,'F91 Gundam F91 Ver.2.0 [Afterimage Image Color]',NULL,'2019-02-01',4000,NULL,'',NULL,'P-Bandai exclusive clear color variant of MG-203. Includes a clear black custom base with Action Base 4/5 hexagon as platform. Chest vents and backpack thrusters accommodate Gunpla Lighting Unit (sold separately) via the custom base.',12),(709,14,'Emergency Escape Pod [Primrose] Expansion Set',NULL,'2020-12-01',2500,NULL,'',NULL,'P-Bandai exclusive accessory kit to convert MG RX-121-1 Gundam TR-1 [Hazel Custom] into RX-121-2 Gundam TR-1 [Hazel Owsla], together with parts from MG RX-121-2A Gundam TR-1 [Advanced Hazel], MG RX-121-2 Gundam TR-1 [Hazel II] Early Type / RGM-79Q Hazel Reserve Unit / GM Quel and MG FF-X29A G-Parts [Hrududu][21]. Emergency Escape Pod [Primrose] can also be created using backpack parts from MG RX-121-1 Gundam TR-1 [Hazel Custom]. Includes black BA-13 Action Base 1 with additional black Action Base 4 arm and water slide decal sheet.',12),(710,14,'MSZ-010 ZZ Gundam \"Ver.Ka\" [Clear Color]',NULL,'2018-12-01',6000,NULL,'',NULL,'Events and the Gundam Base Tokyo exclusive clear color variant of MG-198. Includes water slide decal sheet.',12),(711,14,'MS-06K Zaku Cannon (Unicorn Ver.)',NULL,'2013-11-01',4500,NULL,'',NULL,'P-Bandai exclusive color variant of MG-112.',12),(712,14,'RX-121-2 Gundam TR-1 [Hazel II] Early Type / RGM-79Q Hazel Reserve Unit / GM Quel',NULL,'2019-09-01',4500,NULL,'',NULL,'P-Bandai exclusive parts variant of MG RX-121-1 Gundam TR-1 [Hazel Custom] (Combat Deployment Colors); redesign of MG-025 with improved articulation and proportions. Includes head and backpack parts for all three units such that one can be built at any time, as well as water slide decal sheet.',12),(713,14,'FF-X7 Core Fighter [Color Clear]',NULL,'2018-08-01',0,NULL,'',NULL,'Banpresto exclusive clear color variant of Core Fighter from MG-172, offered as a lottery prize.',12),(714,14,'F91 Gundam F91 Ver.2.0 Back Cannon Type & Twin V.S.B.R. Set Up Type',NULL,'2018-11-01',5800,NULL,'',NULL,'P-Bandai exclusive re-release of MG-203 with additinoal shoulder and backpack parts. Back Cannon Type uses the new shoulder parts and Quadruple Beam Gatling Guns with Missile Launchers, while Twin V.S.B.R. Set Up Type uses the new backpack with Twin V.S.B.R. units. Includes water slide decal sheet.',12),(715,14,'RX-93 ν Gundam \"Ver.Ka\" Mechanical Clear',NULL,'2014-11-01',7000,NULL,'',NULL,'Gunpla Expo World Tour 2014 exclusive clear armor variant of MG-163. Includes water slide decal sheet.',12),(716,14,'FF-X29A G-Parts [Hrududu]',NULL,'2018-07-01',2200,NULL,'',NULL,'P-Bandai exclusive accessory kit to convert MG RX-121-1 Gundam TR-1 [Hazel Custom] into RX-121-1+FF-X29A Gundam TR-1 [Hazel-Rah]. Includes black BA-13 Action Base 1 and water slide decal sheet.',12),(717,14,'XM-X0 Crossbone Gundam X0 \"Ver.Ka',NULL,'2019-08-01',4400,NULL,'',NULL,'P-Bandai exclusive parts and color variant of MG-089; armors feature metallic color coating. Includes water slide decal sheet.',12),(718,14,'XXXG-00W0 Wing Gundam Zero EW & Drei Zwerg [Special Coating]',NULL,'2018-01-01',10000,NULL,'',NULL,'P-Bandai exclusive special coating variant of MG-075 with Drei Zweg and clear support stand. The special coating consists of pearl coating on the wings and white armor parts, gloss injection on blue and red armor parts, and gold metallic coating on the blade antenna and shoulder armor parts. Includes water slide decal sheet.',12),(719,14,'RGC-80 GM Cannon',NULL,'2015-08-01',4000,NULL,'',NULL,'P-Bandai exclusive parts and color variant of MG-118. Includes water slide decal sheet.',12),(720,14,'RMS-179 GM II (Unicorn Ver.)',NULL,'2017-09-01',3500,NULL,'',NULL,'P-Bandai exclusive parts and color variant of MG RMS-179 GM II. Includes water slide decal sheet.',12),(721,14,'DRAGOON Display Effect for Providence Gundam',NULL,'2017-06-01',2200,NULL,'',NULL,'P-Bandai exclusive accessory kit for MG-196. Includes 11 clear blue thruster effect parts with clear arm joints, five clear green beam effect parts, and water slide decal sheet.',12),(722,14,'RGM-89D Jegan D Type (First Deployment Type)',NULL,'2020-06-01',4200,NULL,'',NULL,'P-Bandai exclusive color variant of MG RGM-89D Jegan D Type. Includes water slide decal sheet.',12),(723,14,'MS-06S Zaku II (Char Aznable Custom) Ver.2.0 Extra Finish Version',NULL,'2009-08-01',6500,NULL,'',NULL,'Gunpla Big Expo Tokyo 2009 exclusive metallic color variant of MG-098.',12),(724,14,'MSA-0011[Bst] S Gundam Booster Unit Type',NULL,'2014-08-01',9800,NULL,'',NULL,'P-Bandai exclusive parts variant of MG-055.',12),(725,14,'RMS-179 GM II',NULL,'2017-01-01',3500,NULL,'',NULL,'P-Bandai exclusive parts variant of MG-118. Uses the A and C plate runners of MG-050. Includes water slide decal sheet.',12),(726,14,'MBF-02 Strike Rouge Clear Color Version',NULL,'2009-03-01',4000,NULL,'',NULL,'Gunpla Expo 2009 exclusive clear color variant of MG-074',12),(727,14,'MBF-P02 Gundam Astray Red Frame Plating Frame/Color Clear',NULL,'2015-07-01',7500,NULL,'',NULL,'The Art of Gundam Exhibit exclusive clear color variant of MG-130 (Tactical Arms IIL replaced by regular Red Frame backpack) with red metallic plated inner frame. Includes Beam Rifle and Shield.',12),(728,14,'ZGMF-X10A Freedom Gundam Clear Color Version',NULL,'2006-08-01',3800,NULL,'',NULL,'Gunpla Expo 2006 exclusive clear color variant of MG-072.',12),(729,14,'RX-0 Full Armor Unicorn Gundam \"Ver.Ka\" Silver Plating Ver.',NULL,'2011-12-01',0,NULL,'',NULL,'GBWC 2011 World Championship exclusive silver chrome plated variant of MG-150. Offered as a prize to the Open Course and Junior Course 2nd Places in the contest. Limited to 2 units.',12),(730,14,'MS-06R Zaku II High Mobility Type \"Psycho Zaku\" [Gundam Thunderbolt] \"Ver.Ka\" [Half Mechanical Clear]',NULL,'2019-04-01',9000,NULL,'',NULL,'Events and the Gundam Base Tokyo exclusive half clear armor variant of MG-194.',12),(731,14,'RGM-79DO Philip Hughs\'s GM Dominance',NULL,'2019-10-01',5500,NULL,'',NULL,'P-Bandai exclusive color variant of MG RGM-79DO GM Dominance with a different backpack. Includes two Gun Turrets and water slide decal sheet.',12),(732,14,'RX-78-2 Gundam Ver.2.0 Realtype Color',NULL,'2012-06-01',4200,NULL,'',NULL,'P-Bandai exclusive re-release of MG-121 without the G Fighter. Includes water slide decal sheet.',12),(733,14,'FA-78 Full Armor Gundam [Gundam Thunderbolt] \"Ver.Ka\" [Half Mechanical Clear]',NULL,'2017-11-01',7000,NULL,'',NULL,'Events and The Gundam Base Tokyo exclusive half clear armor variant of MG-193. Includes water slide decal sheet.',12),(734,14,'MS-06R-2 Zaku II (Gabby Hazard Custom)',NULL,'2015-06-01',4500,NULL,'',NULL,'P-Bandai exclusive color variant of MG-103 with new shoulder armor. Includes water slide decal sheet.',12),(735,14,'RX-0 Unicorn Gundam [Metallic Gloss Injection]',NULL,'2017-09-01',5000,NULL,'',NULL,'Events and The Gundam Base Tokyo exclusive metallic gloss color variant of MG-131.',12),(736,14,'MS-09 Dom The Gravity Front Image Color Version',NULL,'2009-07-01',4000,NULL,'',NULL,'P-Bandai exclusive color variant of MG-021.',12),(737,14,'RX-0 Full Armor Unicorn Gundam \"Ver.Ka\" Gold Plating Ver.',NULL,'2011-12-01',0,NULL,'',NULL,'GBWC 2011 World Championship exclusive gold chrome plated variant of MG-150. Offered as a prize to the Open Course and Junior Course Champions in the contest. Limited to 2 units.',12),(738,14,'MS-06F-2 Zaku II F2 (Red Clear Version)',NULL,'2007-02-01',0,NULL,'',NULL,'Modeler’s Cup 2007 exclusive clear red variant of MG-048. Offered by Hobby Japan as a prize in the contest.',12),(739,14,'F90-2 Gundam F90 Unit 2',NULL,'2021-03-01',4000,NULL,'',NULL,'P-Bandai exclusive color variant of MG F90 Gundam F90. Includes water slide decal sheet. Released as part of P-Bandai\'s \"F90 A to Z Project\".',12),(740,14,'OZ-00MS2 Tallgeese II [Special Coating]',NULL,'2018-08-01',8000,NULL,'',NULL,'Events and The Gundam Base Tokyo exclusive parts and color variant of MG-164. Metallic color variant of MG OZ-00MS2 Tallgeese II. Includes water slide decal sheet.',12),(741,14,'RMS-179 GM II Semi-Striker',NULL,'2019-01-01',4200,NULL,'',NULL,'P-Bandai exclusive parts and color variant of MG RMS-179 GM II. Includes Twin Beam Spear and water slide decal sheet.',12),(742,14,'OZ-00MS Tallgeese [Special Coating]',NULL,'2017-08-01',8000,NULL,'',NULL,'Events and The Gundam Base Tokyo exclusive gloss color variant of MG-164 to promote \"Gundam Build Fighters World\".',12),(743,14,'MSA-003 Nemo (Unicorn Color Ver.)',NULL,'2012-04-01',3000,NULL,'',NULL,'P-Bandai exclusive color variant of MG-084. Uses the E plate runner of MG-056 and duplicates of the A and E plate runners. Includes additional GM Rifle.',12),(744,14,'FA-78-1 Full Armor Gundam (Blue Color Ver.)',NULL,'2014-04-01',5000,NULL,'',NULL,'P-Bandai exclusive color variant of MG-134. Includes water slide decal sheet.',12),(745,14,'YMS-15 Gyan (Extra Finish Version)',NULL,'2006-08-01',7000,NULL,'',NULL,'Chara Hobby 2006 C3×HOBBY exclusive metallic color variant of MG-086.',12),(746,14,'The Gundam Base Limited RX-78-2 Gundam Ver.3.0 [Clear Color]',NULL,'2017-08-01',4500,NULL,'',NULL,'The Gundam Base Tokyo exclusive clear color variant of MG-172.',12),(747,14,'RGX-00 Testament Gundam',NULL,'2020-11-01',5700,NULL,'',NULL,'P-Bandai exclusive release. Includes Trikeros Kai and AQM/E-X05 Divine Striker to create RGX-00+AQM/E-X05 Divine Testament Gundam, dark red BA-13 Action Base 1 and water slide decal sheet. Originally planned to be released in October 2020, but was delayed due to unspecified reasons[20].',12),(748,14,'FA-93-ν2HWS Hi-ν Gundam H.W.S. \"Ver.Ka',NULL,'2014-09-01',2800,NULL,'',NULL,'P-Bandai exclusive accessory kit to convert MG-183 into FA-93-ν2HWS Hi-ν Gundam Heavy Weapons System Type. Includes water slide decal sheet.',12),(749,14,'FA-78 Full Armor Gundam [Gundam Thunderbolt] Last Session Ver.',NULL,'2017-08-01',6800,NULL,'',NULL,'P-Bandai exclusive re-release of MG-193 without the Full Armor parts and weapons. Includes battle damaged head and Shield, gray BA-13 Action Base 1 and building debris parts, and water slide decal sheet with battle damage effects to replicate the final battle in episode 4 of the ONA.',12),(750,14,'RX-93 ν Gundam \"Ver.Ka\" Silver Plating Ver.',NULL,'2012-12-01',0,NULL,'',NULL,'GBWC 2012 World Championship exclusive silver chrome plated variant of MG-163.  Includes water slide decal sheet. Offered as a prize to the Open Course and Junior Course 2nd Places in the contest. Limited to 2 units.',12),(751,14,'Rocket Bazooka for Sinanju Ver.Ka',NULL,'2012-05-01',740,NULL,'',NULL,'Gundam UC ACE Vol.4 exclusive accessory kit for MG-116. Re-release of the accessory kit originally offered in the Limited Edition of Mobile Suit Gundam Unicorn novel Vol.8.',12),(752,14,'RX-78-2 Gundam Ver.2.0 Clear Color Version',NULL,'2009-03-01',4200,NULL,'',NULL,'Gunpla Expo 2009 exclusive clear color variant of MG-111.',12),(753,14,'RX-78-2 Gundam Limited Color Version',NULL,'2007-10-01',0,NULL,'',NULL,'Nintendo exclusive color variant of MG-078 in Nintendo Family Computer colors.  Released to coincide with the release of Wii game Mobile Suit Gundam: MS Sensen 0079. Offered as a prize in Nintendo Wii\'s campaign. Limited to 1000 units.',12),(754,14,'LM314V21 Victory Two Gundam \"Ver.Ka\" Clear/Gold Plated Ver.',NULL,'2016-11-01',5000,NULL,'',NULL,'Gunpla Expo World Tour Japan 2016 Winter exclusive clear armor variant of MG-191 with the V-fin and chest and wing parts plated in gold chrome. Includes water slide decal sheet.',12),(755,14,'Weapon & Armor Hanger for Full Armor Gundam [Gundam Thunderbolt] \"Ver.Ka',NULL,'2016-11-01',2600,NULL,'',NULL,'P-Bandai exclusive accessory kit for MG-193. Includes Beam Rifle, Hyper Bazooka, a black BA-13 Action Base 1 and water slide decal sheet. Initial release features the error \"Hunger\" on the packaging, while the second batch features the modified bilingual packaging and the correct word \"Hanger\".',12),(756,14,'RX-78-2 Gundam Head',NULL,'2019-09-01',0,NULL,'',NULL,'Banpresto exclusive re-release of MG-001\'s head, offered as a lottery prize.',12),(757,14,'Gundam RX-78 NT-1 Plated & Clear Version',NULL,'2000-09-01',5000,NULL,'',NULL,'Plamodel Radicon Fair 2000 exclusive color chrome plated variant of MG-022 with clear armor parts.',12),(758,14,'RGM-79 GM (White Dingo Team Custom)',NULL,'2018-09-01',3500,NULL,'',NULL,'P-Bandai exclusive color variant of MG-118. Includes water slide decal sheet.',12),(759,14,'PPGN-001 Gundam Amazing Exia',NULL,'2015-12-01',5000,NULL,'',NULL,'P-Bandai exclusive parts and color variant of MG-185.',12),(760,14,'RX-78-2 Gundam Ver.3.0 [Solid Clear/Reverse]',NULL,'2018-08-01',0,NULL,'',NULL,'Banpresto exclusive parts variant of MG-172 with clear color armor parts, offered as a lottery prize. Clear color armor parts are complementary to that in MG RX-78-2 Gundam Ver.3.0 [Solid Clear/Standard][16].',12),(761,14,'MSZ-006 Zeta Gundam Gold Plating Version',NULL,'2004-01-01',0,NULL,'',NULL,'Modeler’s Cup 2004 exclusive gold chrome plated variant of MG-005. Offered as a prize in the contest.',12),(762,14,'MSN-04 Sazabi \"Ver.Ka\" Silver Plating Ver.',NULL,'2013-12-01',0,NULL,'',NULL,'GBWC 2013 World Championship exclusive silver chrome plated variant of MG-175. Offered as a prize to the Open Course and Junior Course 2nd Places in the contest. Limited to 2 units.',12),(763,14,'RX-0 Unicorn Gundam \"Ver.Ka\" Shield Booster \"Armed Armor DE',NULL,'2013-03-01',0,NULL,'',NULL,'Kadokawa exclusive accessory kit for MG-102. Bundled with the Limited Edition of Mobile Suit Gundam Unicorn - Bande Dessinee Vol.8.',12),(764,14,'MSN-04 Sazabi \"Ver.Ka\" Mechanical Clear',NULL,'2016-08-01',9000,NULL,'',NULL,'Gunpla Expo World Tour Japan 2016 Summer exclusive clear armor variant of MG-175. Includes water slide decal sheet.',12),(765,14,'RMS-108 Marasai (Unicorn Ver.)',NULL,'2013-07-01',4200,NULL,'',NULL,'P-Bandai exclusive color variant of MG-157. Includes Fedayeen Rifle and Sea Serpent.',12),(766,14,'RGM-79 Powered GM',NULL,'2016-07-01',3000,NULL,'',NULL,'P-Bandai exclusive parts and color variant of MG-050. Uses the B, D, and E plate runners of MG-082 and the F and G plate runners of MG-057. Includes Beam Spray Gun, Dick Allen figurine, and water slide decal sheet.',12),(767,14,'Hyaku-Shiki Ver.2.0 [Mechanical Clear]',NULL,'2017-11-01',4800,NULL,'',NULL,'Events and The Gundam Base Tokyo exclusive clear armor variant of MG-187.',12),(768,14,'RGC-80 GM Cannon (White Dingo Team Custom)',NULL,'2018-09-01',4000,NULL,'',NULL,'P-Bandai exclusive color variant of MG RGC-80 GM Cannon. Includes water slide decal sheet.',12),(769,14,'GN-0000+GNR-010 Trans-Am Raiser',NULL,'2011-10-01',6500,NULL,'',NULL,'P-Bandai exclusive color variant of MG-145.',12),(770,14,'RX-93-ν2 Hi-ν Gundam \"Ver.Ka\" Gold Plating Ver.',NULL,'2014-12-01',0,NULL,'',NULL,'GBWC 2014 World Championship exclusive gold chrome plated variant of MG-183. Offered as a prize to the Open Course and Junior Course Champions in the contest. Limited to 2 units.',12),(771,14,'MSR-00100S Hyakushiki-Kai',NULL,'2016-07-01',10000,NULL,'',NULL,'P-Bandai exclusive gold chrome plated variant of MG-187 with new head, backpack and armors (I, J, K and L plate runners). Includes water slide decal sheet.',12),(772,14,'RX-78-2 Gundam Ver. Gundam Crisis',NULL,'2009-03-01',3680,NULL,'',NULL,'Fuji-Q Highland exclusive color variant of MG-078.',12);
/*!40000 ALTER TABLE `model` ENABLE KEYS */;
UNLOCK TABLES;

--
-- Table structure for table `model_color`
--

DROP TABLE IF EXISTS `model_color`;
/*!40101 SET @saved_cs_client     = @@character_set_client */;
/*!40101 SET character_set_client = utf8 */;
CREATE TABLE `model_color` (
  `id` int(11) NOT NULL AUTO_INCREMENT,
  `name` varchar(255) COLLATE utf8mb4_unicode_ci NOT NULL,
  PRIMARY KEY (`id`)
) ENGINE=InnoDB AUTO_INCREMENT=29 DEFAULT CHARSET=utf8mb4 COLLATE=utf8mb4_unicode_ci;
/*!40101 SET character_set_client = @saved_cs_client */;

--
-- Dumping data for table `model_color`
--

LOCK TABLES `model_color` WRITE;
/*!40000 ALTER TABLE `model_color` DISABLE KEYS */;
INSERT INTO `model_color` VALUES (15,'Rouge'),(16,'Bleu'),(17,'Blanc'),(18,'Jaune'),(19,'Vert'),(20,'Gris'),(21,'Noir');
/*!40000 ALTER TABLE `model_color` ENABLE KEYS */;
UNLOCK TABLES;

--
-- Table structure for table `model_picture`
--

DROP TABLE IF EXISTS `model_picture`;
/*!40101 SET @saved_cs_client     = @@character_set_client */;
/*!40101 SET character_set_client = utf8 */;
CREATE TABLE `model_picture` (
  `model_id` int(11) NOT NULL,
  `picture_id` int(11) NOT NULL,
  PRIMARY KEY (`model_id`,`picture_id`),
  KEY `IDX_764826787975B7E7` (`model_id`),
  KEY `IDX_76482678EE45BDBF` (`picture_id`),
  CONSTRAINT `FK_764826787975B7E7` FOREIGN KEY (`model_id`) REFERENCES `model` (`id`) ON DELETE CASCADE,
  CONSTRAINT `FK_76482678EE45BDBF` FOREIGN KEY (`picture_id`) REFERENCES `picture` (`id`) ON DELETE CASCADE
) ENGINE=InnoDB DEFAULT CHARSET=utf8mb4 COLLATE=utf8mb4_unicode_ci;
/*!40101 SET character_set_client = @saved_cs_client */;

--
-- Dumping data for table `model_picture`
--

LOCK TABLES `model_picture` WRITE;
/*!40000 ALTER TABLE `model_picture` DISABLE KEYS */;
INSERT INTO `model_picture` VALUES (8,11),(9,11),(44,35),(45,36),(46,37),(47,38),(48,39),(49,40),(50,41),(51,42),(52,43),(53,44),(54,45),(55,46),(56,47),(57,48),(58,49),(59,50),(60,51),(61,52),(62,53),(63,54),(64,55),(65,56),(66,57),(67,58),(68,59),(69,60),(70,61),(71,62),(72,63),(73,64),(74,65),(75,66),(76,67),(77,68),(78,69),(79,70),(80,71),(81,72),(82,73),(83,74),(84,75),(85,76),(86,77),(87,78),(88,79),(89,80),(90,81),(91,82),(92,83),(93,84),(94,85),(95,86),(96,87),(97,88),(98,89),(99,90),(100,91),(101,92),(102,93),(103,94),(104,95),(105,96),(106,97),(107,98),(108,99),(109,100),(110,101),(111,102),(112,103),(113,104),(114,105),(115,106),(116,107),(117,108),(118,109),(119,110),(120,111),(121,112),(122,113),(123,114),(124,115),(125,116),(126,117),(127,118),(128,119),(129,120),(130,121),(131,122),(132,123),(133,124),(134,125),(136,129),(137,130),(139,132),(140,133),(141,134),(142,135),(143,136),(144,137),(145,138),(146,139),(147,140),(151,144),(152,145),(153,146),(154,147),(156,149),(157,150),(160,153),(163,156),(164,157),(165,158),(166,159),(167,160),(169,162),(170,163),(172,165),(173,166),(175,168),(176,169),(177,170),(178,171),(181,174),(182,175),(183,176),(184,177),(185,178),(187,180),(188,181),(189,182),(193,186),(194,187),(195,188),(198,191),(199,192),(200,193),(201,194),(202,195),(203,196),(204,197),(205,198),(206,199),(207,200),(208,201),(209,202),(210,203),(211,204),(213,206),(215,208),(217,210),(219,212),(220,213),(222,215),(223,216),(224,217),(225,218),(226,219),(227,220),(228,221),(229,222),(231,224),(232,225),(233,226),(236,229),(237,230),(239,232),(240,233),(244,237),(245,238),(246,239),(247,240),(248,241),(249,242),(250,243),(251,244),(252,245),(253,246),(256,249),(257,250),(258,251),(259,252),(260,253),(262,255),(264,257),(266,259),(268,261),(269,262),(270,263),(271,264),(272,265),(275,268),(277,270),(278,271),(279,272),(280,273),(282,275),(284,277),(285,278),(287,280),(288,281),(289,282),(290,283),(294,287),(295,288),(296,289),(297,290),(299,292),(300,293),(301,294),(302,295),(303,296),(305,298),(306,299),(308,301),(309,302),(310,303),(311,304),(312,305),(313,306),(314,307),(315,308),(316,309),(317,310),(318,311),(324,317),(326,319),(327,320),(328,321),(330,323),(334,327),(335,328),(336,329),(337,330),(338,331),(339,332),(340,333),(342,335),(343,336),(345,338),(346,339),(347,340),(349,342),(350,343),(352,345),(354,347),(355,348),(356,349),(358,351),(359,352),(361,354),(362,355),(364,357),(365,358),(366,359),(368,361),(370,363),(371,364),(373,366),(374,367),(375,368),(376,369),(377,370),(378,371),(379,372),(380,373),(381,374),(382,375),(383,376),(384,377),(385,378),(387,380),(388,381),(389,382),(390,383),(391,384),(392,385),(393,386),(394,387),(395,388),(396,389),(399,392),(400,393),(402,395),(404,397),(405,398),(408,401),(409,402),(410,403),(411,404),(412,405),(415,408),(416,409),(419,412),(420,413),(421,414),(422,415),(424,417),(425,418),(426,419),(427,420),(428,421),(429,422),(430,423),(431,424),(432,425),(433,426),(434,427),(435,428),(436,429),(437,430),(438,431),(439,432),(440,433),(441,434),(442,435),(443,436),(444,437),(445,438),(446,439),(447,440),(448,441),(449,442),(450,443),(451,444),(452,445),(453,446),(454,447),(456,449),(457,450),(458,451),(459,452),(460,453),(461,454),(462,455),(463,456),(465,458),(466,459),(468,461),(469,462),(470,463),(471,464),(472,465),(473,466),(474,467),(475,468),(476,469),(477,470),(478,471),(479,472),(480,473),(481,474),(483,476),(484,477),(485,478),(486,479),(487,480),(488,481),(489,482),(490,483),(491,484),(492,485),(493,486),(495,488),(496,489),(497,490),(498,491),(499,492),(500,493),(501,494),(502,495),(503,496),(504,497),(505,498),(506,499),(507,500),(508,501),(509,502),(510,503),(511,504),(512,505),(513,506),(514,507),(515,508),(516,509),(517,510),(518,511),(519,512),(520,513),(521,514),(522,515),(523,516),(524,517),(525,518),(526,519),(527,520),(528,521),(529,522),(530,523),(531,524),(533,526),(534,527),(535,528),(536,529),(537,530),(538,531),(539,532),(541,534),(542,535),(544,537),(545,538),(546,539),(547,540),(548,541),(549,542),(550,543),(551,544),(552,545),(553,546),(554,547),(555,548),(556,549),(557,550),(558,551),(559,552),(560,553),(561,554),(562,555),(563,556),(564,557),(565,558),(566,559),(567,560),(568,561),(570,563),(571,564),(572,565),(573,566),(574,567),(575,568),(576,569),(578,571),(579,572),(580,573),(581,574),(582,575),(583,576),(584,577),(585,578),(586,579),(587,580),(588,581),(589,582),(590,583),(591,584),(592,585),(593,586),(595,588),(596,589),(597,590),(599,592),(600,593),(601,594),(602,595),(603,596),(604,597),(605,598),(606,599),(607,600),(608,601),(609,602),(610,603),(611,604),(612,605),(614,607),(615,608),(616,609),(617,610),(618,611),(619,612),(620,613),(621,614),(622,615),(623,616),(627,620),(628,621),(629,622),(630,623),(632,625),(634,627),(635,628),(636,629),(637,630),(638,631),(639,632),(640,633),(641,634),(642,635),(643,636),(644,637),(645,638),(647,640),(648,641),(649,642),(651,644),(652,645),(653,646),(654,647),(655,648),(656,649),(657,650),(658,651),(659,652),(660,653),(661,654),(662,655),(664,657),(665,658),(666,659),(667,660),(668,661),(669,662),(670,663),(671,664),(672,665),(673,666),(674,667),(675,668),(676,669),(677,670),(678,671),(680,673),(681,674),(682,675),(684,677),(685,678),(686,679),(687,680),(688,681),(689,682),(690,683),(691,684),(692,685),(693,686),(694,687),(695,688),(696,689),(697,690),(698,691),(699,692),(700,693),(701,694),(702,695),(703,696),(704,697),(705,698),(706,699),(707,700),(708,701),(709,702),(710,703),(711,704),(712,705),(713,706),(714,707),(715,708),(716,709),(717,710),(718,711),(719,712),(720,713),(721,714),(722,715),(723,716),(724,717),(725,718),(726,719),(727,720),(728,721),(730,723),(731,724),(732,725),(733,726),(734,727),(735,728),(736,729),(737,730),(740,733),(741,734),(742,735),(743,736),(744,737),(745,738),(746,739),(747,740),(748,741),(749,742),(751,744),(752,745),(753,746),(754,747),(755,748),(756,749),(757,750),(758,751),(759,752),(760,753),(761,754),(763,756),(764,757),(765,758),(766,759),(767,760),(768,761),(769,762),(770,763),(771,764),(772,765);
/*!40000 ALTER TABLE `model_picture` ENABLE KEYS */;
UNLOCK TABLES;

--
-- Table structure for table `model_primarycolor`
--

DROP TABLE IF EXISTS `model_primarycolor`;
/*!40101 SET @saved_cs_client     = @@character_set_client */;
/*!40101 SET character_set_client = utf8 */;
CREATE TABLE `model_primarycolor` (
  `model_id` int(11) NOT NULL,
  `model_color_id` int(11) NOT NULL,
  PRIMARY KEY (`model_id`,`model_color_id`),
  KEY `IDX_FAF3E4547975B7E7` (`model_id`),
  KEY `IDX_FAF3E454B0004E56` (`model_color_id`),
  CONSTRAINT `FK_FAF3E4547975B7E7` FOREIGN KEY (`model_id`) REFERENCES `model` (`id`) ON DELETE CASCADE,
  CONSTRAINT `FK_FAF3E454B0004E56` FOREIGN KEY (`model_color_id`) REFERENCES `model_color` (`id`) ON DELETE CASCADE
) ENGINE=InnoDB DEFAULT CHARSET=utf8mb4 COLLATE=utf8mb4_unicode_ci;
/*!40101 SET character_set_client = @saved_cs_client */;

--
-- Dumping data for table `model_primarycolor`
--

LOCK TABLES `model_primarycolor` WRITE;
/*!40000 ALTER TABLE `model_primarycolor` DISABLE KEYS */;
INSERT INTO `model_primarycolor` VALUES (8,17),(9,16),(9,17);
/*!40000 ALTER TABLE `model_primarycolor` ENABLE KEYS */;
UNLOCK TABLES;

--
-- Table structure for table `model_secondarycolor`
--

DROP TABLE IF EXISTS `model_secondarycolor`;
/*!40101 SET @saved_cs_client     = @@character_set_client */;
/*!40101 SET character_set_client = utf8 */;
CREATE TABLE `model_secondarycolor` (
  `model_id` int(11) NOT NULL,
  `model_color_id` int(11) NOT NULL,
  PRIMARY KEY (`model_id`,`model_color_id`),
  KEY `IDX_6C74D69B7975B7E7` (`model_id`),
  KEY `IDX_6C74D69BB0004E56` (`model_color_id`),
  CONSTRAINT `FK_6C74D69B7975B7E7` FOREIGN KEY (`model_id`) REFERENCES `model` (`id`) ON DELETE CASCADE,
  CONSTRAINT `FK_6C74D69BB0004E56` FOREIGN KEY (`model_color_id`) REFERENCES `model_color` (`id`) ON DELETE CASCADE
) ENGINE=InnoDB DEFAULT CHARSET=utf8mb4 COLLATE=utf8mb4_unicode_ci;
/*!40101 SET character_set_client = @saved_cs_client */;

--
-- Dumping data for table `model_secondarycolor`
--

LOCK TABLES `model_secondarycolor` WRITE;
/*!40000 ALTER TABLE `model_secondarycolor` DISABLE KEYS */;
INSERT INTO `model_secondarycolor` VALUES (8,15),(8,16),(8,18),(9,15),(9,18),(9,19),(9,20);
/*!40000 ALTER TABLE `model_secondarycolor` ENABLE KEYS */;
UNLOCK TABLES;

--
-- Table structure for table `model_tag`
--

DROP TABLE IF EXISTS `model_tag`;
/*!40101 SET @saved_cs_client     = @@character_set_client */;
/*!40101 SET character_set_client = utf8 */;
CREATE TABLE `model_tag` (
  `model_id` int(11) NOT NULL,
  `tag_id` int(11) NOT NULL,
  PRIMARY KEY (`model_id`,`tag_id`),
  KEY `IDX_564ADD7C7975B7E7` (`model_id`),
  KEY `IDX_564ADD7CBAD26311` (`tag_id`),
  CONSTRAINT `FK_564ADD7C7975B7E7` FOREIGN KEY (`model_id`) REFERENCES `model` (`id`) ON DELETE CASCADE,
  CONSTRAINT `FK_564ADD7CBAD26311` FOREIGN KEY (`tag_id`) REFERENCES `tag` (`id`) ON DELETE CASCADE
) ENGINE=InnoDB DEFAULT CHARSET=utf8mb4 COLLATE=utf8mb4_unicode_ci;
/*!40101 SET character_set_client = @saved_cs_client */;

--
-- Dumping data for table `model_tag`
--

LOCK TABLES `model_tag` WRITE;
/*!40000 ALTER TABLE `model_tag` DISABLE KEYS */;
INSERT INTO `model_tag` VALUES (8,27),(9,21),(9,25),(9,26),(9,30);
/*!40000 ALTER TABLE `model_tag` ENABLE KEYS */;
UNLOCK TABLES;

--
-- Table structure for table `model_unit`
--

DROP TABLE IF EXISTS `model_unit`;
/*!40101 SET @saved_cs_client     = @@character_set_client */;
/*!40101 SET character_set_client = utf8 */;
CREATE TABLE `model_unit` (
  `model_id` int(11) NOT NULL,
  `unit_id` int(11) NOT NULL,
  PRIMARY KEY (`model_id`,`unit_id`),
  KEY `IDX_F1EC20B47975B7E7` (`model_id`),
  KEY `IDX_F1EC20B4F8BD700D` (`unit_id`),
  CONSTRAINT `FK_F1EC20B47975B7E7` FOREIGN KEY (`model_id`) REFERENCES `model` (`id`) ON DELETE CASCADE,
  CONSTRAINT `FK_F1EC20B4F8BD700D` FOREIGN KEY (`unit_id`) REFERENCES `unit` (`id`) ON DELETE CASCADE
) ENGINE=InnoDB DEFAULT CHARSET=utf8mb4 COLLATE=utf8mb4_unicode_ci;
/*!40101 SET character_set_client = @saved_cs_client */;

--
-- Dumping data for table `model_unit`
--

LOCK TABLES `model_unit` WRITE;
/*!40000 ALTER TABLE `model_unit` DISABLE KEYS */;
INSERT INTO `model_unit` VALUES (8,6),(9,5),(44,20),(45,21),(46,22),(47,23),(48,24),(49,25),(50,20),(51,26),(52,23),(53,27),(54,28),(55,23),(56,29),(57,30),(58,31),(59,32),(60,33),(61,34),(62,35),(63,36),(64,37),(65,38),(66,39),(67,40),(68,33),(69,41),(70,42),(71,43),(72,44),(73,45),(74,46),(75,47),(76,48),(77,49),(78,50),(79,50),(80,51),(81,51),(82,52),(83,53),(84,54),(85,38),(86,55),(87,56),(88,40),(89,57),(90,58),(91,32),(92,59),(93,33),(94,37),(95,60),(96,41),(97,61),(98,62),(99,63),(100,42),(101,64),(102,65),(103,66),(104,30),(105,67),(106,34),(107,68),(108,21),(109,69),(110,70),(111,71),(112,56),(113,36),(114,72),(115,73),(116,58),(117,74),(119,75),(120,76),(121,77),(122,70),(123,78),(125,79),(126,80),(127,81),(128,81),(129,82),(130,83),(131,84),(133,85),(136,86),(137,87),(138,88),(139,89),(140,90),(141,40),(142,91),(143,92),(144,93),(145,94),(146,95),(147,96),(148,97),(149,98),(150,99),(151,32),(152,100),(153,101),(154,102),(155,103),(156,104),(157,75),(158,105),(159,106),(160,107),(161,108),(162,34),(163,109),(164,110),(165,111),(166,112),(167,76),(168,113),(169,114),(170,115),(171,30),(172,116),(173,117),(174,118),(175,119),(176,120),(177,121),(178,122),(179,123),(180,124),(181,36),(182,62),(183,125),(184,58),(185,49),(186,126),(187,25),(188,30),(189,127),(190,90),(191,128),(192,129),(193,130),(194,131),(195,132),(196,133),(197,121),(198,67),(199,77),(200,54),(201,134),(202,68),(203,135),(204,136),(205,137),(206,42),(207,138),(208,139),(209,140),(210,141),(211,46),(212,142),(213,143),(214,144),(215,145),(216,146),(217,147),(218,148),(219,149),(220,150),(221,151),(222,48),(223,152),(224,153),(225,154),(226,155),(227,73),(228,33),(229,156),(230,157),(231,101),(232,20),(233,158),(234,159),(235,160),(236,81),(237,6),(238,161),(239,162),(240,163),(241,164),(242,165),(243,166),(244,167),(245,71),(246,168),(247,169),(248,170),(249,171),(250,172),(251,173),(252,61),(253,50),(254,62),(255,174),(256,175),(257,176),(258,177),(259,47),(260,178),(261,179),(262,180),(263,121),(264,181),(265,182),(266,183),(267,127),(268,184),(269,185),(270,186),(271,187),(272,188),(273,189),(274,190),(275,191),(276,192),(277,193),(278,23),(279,194),(280,195),(281,196),(282,197),(283,198),(284,60),(285,55),(286,72),(287,199),(288,200),(289,201),(290,202),(291,203),(292,204),(293,205),(294,206),(295,207),(296,208),(297,209),(298,210),(299,211),(300,53),(301,212),(302,213),(303,214),(304,215),(305,216),(306,217),(307,218),(308,219),(309,220),(310,51),(311,221),(312,222),(313,223),(314,224),(315,225),(316,226),(317,227),(318,228),(319,30),(320,229),(321,230),(322,231),(323,121),(324,41),(325,232),(326,144),(327,233),(328,234),(329,235),(330,236),(331,121),(332,42),(333,237),(334,66),(335,52),(336,238),(337,239),(338,240),(339,241),(340,242),(341,243),(342,22),(343,56),(344,244),(345,245),(346,43),(347,246),(348,247),(349,248),(350,249),(351,122),(352,80),(353,250),(354,251),(355,252),(356,253),(357,202),(358,254),(359,39),(360,255),(361,45),(362,256),(363,257),(364,258),(365,259),(366,189),(367,260),(368,261),(369,262),(370,106),(371,263),(372,264),(373,265),(374,266),(375,24),(376,34),(377,267),(378,74),(379,268),(380,269),(381,69),(382,270),(383,271),(384,272),(385,65),(386,273),(387,274),(388,79),(389,275),(390,103),(391,276),(392,277),(393,278),(394,279),(395,280),(396,237),(397,281),(398,282),(399,283),(400,284),(401,285),(402,286),(403,287),(404,288),(405,26),(406,289),(407,290),(408,291),(409,292),(410,293),(411,294),(412,64),(413,121),(414,295),(415,296),(416,297),(417,298),(418,299),(419,300),(420,301),(421,302),(422,303),(423,304),(424,44),(425,38),(426,305),(427,29),(428,37),(429,72),(430,59),(431,306),(432,307),(433,308),(434,38),(435,39),(436,309),(437,310),(438,311),(439,312),(440,70),(441,313),(442,44),(443,314),(445,315),(446,316),(447,317),(448,318),(449,319),(450,320),(451,321),(452,36),(453,322),(454,54),(455,41),(456,323),(457,324),(458,325),(459,326),(460,21),(461,180),(462,327),(463,328),(464,329),(465,56),(466,330),(467,21),(468,186),(469,331),(470,44),(471,332),(472,333),(473,66),(474,334),(475,335),(476,336),(477,337),(478,37),(479,338),(480,339),(481,340),(482,6),(483,341),(484,342),(485,343),(486,344),(487,345),(488,346),(489,279),(490,347),(491,185),(492,41),(493,348),(494,185),(495,349),(496,329),(498,350),(499,351),(500,352),(501,353),(502,354),(503,279),(504,51),(505,355),(506,356),(507,21),(508,174),(509,357),(510,336),(511,209),(512,358),(513,359),(514,279),(515,159),(516,360),(517,361),(518,362),(519,173),(520,363),(521,364),(522,21),(523,93),(524,56),(525,365),(526,54),(527,44),(528,366),(529,248),(530,367),(531,368),(532,369),(533,76),(534,370),(535,371),(536,372),(537,373),(538,374),(539,375),(540,194),(541,279),(542,376),(543,185),(544,377),(545,40),(546,366),(547,45),(548,378),(549,379),(550,329),(551,380),(552,381),(553,382),(554,383),(555,384),(556,156),(557,385),(558,386),(559,36),(560,387),(561,279),(562,388),(563,389),(564,390),(565,391),(566,389),(567,70),(568,392),(569,286),(570,393),(571,394),(572,389),(573,395),(574,46),(575,396),(576,198),(577,40),(578,397),(579,45),(580,398),(581,399),(582,400),(584,401),(585,251),(586,402),(587,386),(588,36),(589,403),(590,404),(591,405),(592,185),(593,22),(594,20),(595,70),(596,406),(597,58),(598,21),(599,279),(600,386),(601,407),(602,408),(603,409),(604,410),(605,21),(607,149),(608,411),(609,412),(610,413),(611,414),(612,197),(613,76),(614,56),(615,415),(616,44),(617,33),(618,23),(619,416),(620,164),(621,417),(622,116),(623,418),(624,219),(625,419),(626,398),(627,79),(628,56),(629,420),(630,421),(632,422),(633,423),(634,398),(635,424),(636,425),(637,426),(638,279),(639,427),(640,428),(641,429),(642,430),(643,33),(644,91),(645,431),(646,180),(647,56),(648,279),(649,432),(650,286),(651,433),(652,21),(653,36),(654,434),(655,435),(656,436),(657,295),(658,437),(659,438),(660,79),(661,439),(662,410),(663,369),(664,440),(665,441),(666,442),(667,443),(668,64),(669,76),(670,400),(671,444),(672,202),(673,445),(674,386),(675,228),(676,329),(677,76),(678,378),(679,78),(680,446),(681,36),(683,213),(684,447),(685,448),(686,449),(687,450),(688,451),(689,452),(690,130),(691,362),(692,453),(694,454),(695,455),(696,56),(697,456),(698,329),(699,119),(700,457),(701,329),(702,458),(703,45),(704,79),(705,459),(706,460),(707,461),(708,306),(709,462),(710,178),(711,463),(712,464),(713,386),(714,465),(715,76),(716,466),(717,467),(718,468),(719,230),(720,469),(721,444),(722,470),(723,45),(724,471),(725,98),(726,195),(727,438),(728,32),(729,180),(730,211),(731,472),(732,473),(733,245),(734,474),(735,70),(736,30),(737,180),(738,369),(739,475),(740,335),(741,476),(742,477),(743,478),(744,479),(745,74),(746,279),(747,480),(748,377),(749,481),(750,76),(751,482),(752,56),(753,21),(754,152),(755,483),(756,484),(757,213),(758,485),(759,486),(760,279),(761,24),(762,185),(763,54),(764,185),(765,487),(766,244),(767,488),(768,489),(769,490),(770,286),(771,491),(772,21);
/*!40000 ALTER TABLE `model_unit` ENABLE KEYS */;
UNLOCK TABLES;

--
-- Table structure for table `picture`
--

DROP TABLE IF EXISTS `picture`;
/*!40101 SET @saved_cs_client     = @@character_set_client */;
/*!40101 SET character_set_client = utf8 */;
CREATE TABLE `picture` (
  `id` int(11) NOT NULL AUTO_INCREMENT,
  `name` varchar(255) COLLATE utf8mb4_unicode_ci NOT NULL,
  PRIMARY KEY (`id`)
) ENGINE=InnoDB AUTO_INCREMENT=766 DEFAULT CHARSET=utf8mb4 COLLATE=utf8mb4_unicode_ci;
/*!40101 SET character_set_client = @saved_cs_client */;

--
-- Dumping data for table `picture`
--

LOCK TABLES `picture` WRITE;
/*!40000 ALTER TABLE `picture` DISABLE KEYS */;
INSERT INTO `picture` VALUES (11,'0c9995de14d54cd33fc10edd3f3daf3e.jpg'),(35,'MG_Char%27s_Zaku_II_Crystal_Ver.jpg'),(36,'MG_RX-78-2_Crystal_Ver.jpg'),(37,'MG_RX-78-2_Coating_Ver.jpg'),(38,'MG_Zaku_II_Crystal_Ver.jpg'),(39,'MG_Zeta_Gundam_Coating_Ver.jpg'),(40,'Gunpla_MG_ltd_GundamGP01Fb-Coating_box.jpg'),(41,'MG_Char%27s_Zaku_II_Coating_Ver.jpg'),(42,'Gunpla_MG_ltd_GundamGP02A-Coating_box.jpg'),(43,'MG_Zaku_II_Coating_Ver.jpg'),(44,'MG_Hyper_Mode_Master_Gundam.jpg'),(45,'MG_Hyper_Mode_G_Gundam.jpg'),(46,'Gunpla_MG_ltd_MS06FJ_OYW0079_box.jpg'),(47,'Gunpla_MG_ltd_MS07B_OYW0079_box.jpg'),(48,'Gunpla_MG_ltd_MS09_OYW0079_box.jpg'),(49,'Gunpla_MG_ltd_MS14S_OYW0079_box.jpg'),(50,'MG_Freedom_Gundam_Extra_Finish.jpg'),(51,'MGStrikeFreedom-FullBurst.jpg'),(52,'MG_Sazabi_Metallic_Coating_Version.jpg'),(53,'4048402490_3679539631_o.jpg'),(54,'MGRX-78-2GundamVerOYW-Anime.jpg'),(55,'MGDestiny-ExtremeBlast.jpg'),(56,'Mg-rx-178-aeug-ver2-hdcolor.jpg'),(57,'Mg-rx-178-titans-ver2-hdcolor.jpg'),(58,'MG_Nu_Gundam_Metallic_Coating.jpg'),(59,'Mg-sf-extra-finish-version.jpg'),(60,'MG_Aile_Strike_Gundam_%2B_Bazooka.jpg'),(61,'Exia-mg-ignition-mode.jpg'),(62,'MG_Victory_Gundam_30th.jpg'),(63,'MG_Zaku_II_2.0_30th.jpg'),(64,'MG_Char%27s_Zaku_II_2.0_30th.jpg'),(65,'Gunpla_MG_ltd_MS07B_ClearParts_box.jpg'),(66,'MG_Char%27s_Gelgoog_30th.jpg'),(67,'MG_Acguy_30th.jpg'),(68,'MG_Char%27s_Z%27Gok_2.0_30th.jpg'),(69,'MG_Hyaku_Shiki_30th.jpg'),(70,'Mg-msn0100-hd.jpg'),(71,'MG_Zeta_Gundam_2.0_30th.jpg'),(72,'Mg-msz-006-ver2-hdcolor.jpg'),(73,'MG_ZZ_Gundam_30th.jpg'),(74,'MG_GM_30th.jpg'),(75,'MG_Unicorn_Gundam_Ver._Ka_Titanium_Finish.jpg'),(76,'MG_Gundam_Mk_II_AEUG_30th.jpg'),(77,'MG_Guncannon_30th.jpg'),(78,'MG_RX-78-2_2.0_30th.jpg'),(79,'MG_Nu_Gundam_30th.jpg'),(80,'Shin_Musha_Gundam.jpg'),(81,'MG_Wing_Gundam_Zero_30th.jpg'),(82,'MG_Freedom_Gundam_30th.jpg'),(83,'MG_Infinite_Justice_Gundam_30th.jpg'),(84,'MG_Strike_Freedom_Gundam_30th.jpg'),(85,'MG_Destiny_Gundam_30th.jpg'),(86,'MG_Force_Impulse_Gundam_30th.jpg'),(87,'MG_Aile_Strike_Gundam_30th.jpg'),(88,'MG_Strike_Noir_30th.jpg'),(89,'MG_G_Gundam_30th.jpg'),(90,'Mg-exia-trans-am.jpg'),(91,'MG_Gundam_Exia_30th.jpg'),(92,'MG_Gundam_Ground_Type_30th.jpg'),(93,'Red-framekai-mg.jpg'),(94,'Gunpla_MG_ltd_MS07B3_ClearParts_box.jpg'),(95,'MG_Dom_30th.jpg'),(96,'MG_Kampfer_30th.jpg'),(97,'MG_Sazabi_30th.jpg'),(98,'MG_Sinanju_Ver._Ka_Titanium_Finish.jpg'),(99,'MG_945SH_G_Ver.GP30th_RX-78-2.jpg'),(100,'MG_Mobile_Pod_Ball_Ver_Ka_30th.jpg'),(101,'Unicorn-mscage-boxart.jpg'),(102,'MG_Guntank_30th.jpg'),(103,'MG_Gundam_Ver_2.0_Titanium_Finish.jpg'),(104,'MG_RX-78-2_Ver_One_Year_War_0079_30th.jpg'),(105,'MG_Hi_Nu_Gundam_30th.jpg'),(106,'MG_Crossbone_Gundam_Full_Cloth_30th.jpg'),(107,'MG_Wing_Gundam_Zero_Pearl_Gloss_Ver.jpg'),(108,'MG_Gyan_30th.jpg'),(109,'GunplaLEDUnit-Green.jpg'),(110,'MG_Unicorn_Gundam_02_Banshee_Titanium_Finish.jpg'),(111,'MG_%CE%BD_Gundam_Ver._Ka_Titanium_Finish.jpg'),(112,'MG_Build_Strike_Gundam_Full_Package_Plavsky_Particle_Clear_Ver.jpg'),(113,'MGUnicornGundamRed-Green-Titanium.jpg'),(114,'MG_00_XN_Raiser.jpg'),(115,'Lighting_Unit_White.jpg'),(116,'MG_Gundam_The_Origin_Special_Ver.jpg'),(117,'MG-FreedomGundamVer2.0_KiraYamato.jpg'),(118,'MG_Providence_Gundam_G.U.N.D.A.M._Edition.jpg'),(119,'MG_Providence_Gundam_Premium_Edition.jpg'),(120,'MG_00_Gundam_Seven_SwordG_%28Trans-Am_Mode%29_-Special_Coating-.jpg'),(121,'MG_Gundam_Avalanche_Exia%27.jpg'),(122,'MG_00_Qan%28T%29_%28Trans-Am_Mode%29_-Special_Coating-.jpg'),(123,'LED_Unit_Yellow.jpg'),(124,'MG_Gundam_Astray_Turn_Red.jpg'),(125,'LED_Unit_Blue.jpg'),(126,'031f04249026a19ae7a7364e9a9f44d9.jpg'),(127,'3915b0f0bb374d3e466569bbcf6fa234.jpg'),(128,'Shin_Musha_GundamX.jpg'),(129,'Shin_Musha_GundamX.jpg'),(130,'Mg-rx-178mk-ii.jpg'),(132,'Mg-spiegel.jpg'),(133,'MG-Gundam-GF13-017NJ-Shining-Gundam-Box-Art.jpg'),(134,'Rx-93-mg.jpg'),(135,'MG_Gundam_Dynames.jpg'),(136,'Mg-rx-178-fxa-05.jpg'),(137,'Mg_blitz_boxart.jpg'),(138,'Mg-msz-006a1.jpg'),(139,'Mg-sandrock.jpg'),(140,'MG_-_MS-14A_-_Gelgoog_-_Boxart.jpg'),(144,'Gundam_Freedom.jpeg'),(145,'Age-2_boxart.jpg'),(146,'MG_Ex-S_Gundam_S_Gundam.jpg'),(147,'MG_Plan_303E_Deep_Striker.jpg'),(149,'MG_Jegan.jpg'),(150,'Mg_rx-0_unicorn_gundam_02_banshee_boxart_large.jpg'),(153,'Fa-010s-mg.jpg'),(156,'Ms-05b-rb.jpg'),(157,'Mg-rx-78gp01.jpg'),(158,'Mg-rb79k.jpg'),(159,'Mg-rx-78-4.jpg'),(160,'Nu_Gundam_ver_KA_MG_Box_Art.jpg'),(162,'Rezel_Defenser_MG_Box_Art.jpg'),(163,'Mg-spallow-box.jpg'),(165,'MG_FAZZ_Ver.Ka.jpg'),(166,'Mush_Gundam_Mk._II_Boxart.jpg'),(168,'Mg-rx-78gp03s.jpg'),(169,'Mg-rx-178t.jpg'),(170,'RX_78-2_gundam.jpeg'),(171,'Mg-ms-05b.jpg'),(174,'Mg-rx-78-0079.jpg'),(175,'Mg-g-gundam.jpg'),(176,'Mg-rms-099-qb.jpg'),(177,'Mg-zero-w-2.jpg'),(178,'Mg-msm-07s-ca.jpg'),(180,'Mg-rx-78gp01fb.jpg'),(181,'Mg-ms-09.jpg'),(182,'MG_Perfect_Gundam.jpeg'),(186,'Mg_justice_gundam.jpg'),(187,'Mg-ms14-ag.jpg'),(188,'Mg-msa-011s.jpg'),(191,'Mg-ms-18e.jpg'),(192,'MG_Build_Strike_Box_Art.jpg'),(193,'Mg-rx-0-ka.jpg'),(194,'Mg-wing-verka.jpg'),(195,'Mg-msn-06-ka.jpg'),(196,'Sword-impulse-morishita.jpg'),(197,'MG_Gundam_X_Boxart.jpg'),(198,'Ms-06r1a-mg.jpg'),(199,'MG_-_GN-001_-_Gundam_Exia_-_Boxart.jpg'),(200,'Mg-ms-06f2.jpg'),(201,'Mg-zgok.jpg'),(202,'MG_Buster_Boxart.jpg'),(203,'Mg-rx-78-g3.jpg'),(204,'Mg-ms-07-ver2.jpg'),(206,'Mg-rms-099.jpg'),(208,'DarkHound_MG_Boxart.jpg'),(210,'Mg-ms-06k.jpg'),(212,'MG_00_Qan-T-_Full_Saber.jpg'),(213,'MG_Age2_Double_Bullet_Boxart.jpg'),(215,'MG_-_MSM-04_-_Acguy_-_Boxart.jpg'),(216,'MG_Victory_2_Gundam_Ver.Ka.jpg'),(217,'MG_The_O_Boxart.jpg'),(218,'LM312V04SD-VB03A-corebooster-verka-mg.jpg'),(219,'Mg_Gundam_Amazing_Red_Warrior.jpg'),(220,'Skullheart-fc-mg.jpg'),(221,'Mg-sf.jpg'),(222,'MG_1_100_GN-0000GNHW7SG.jpg'),(224,'Mg-ext-s.jpg'),(225,'Mg-ms06s.jpg'),(226,'Mg-rgm-79.jpg'),(229,'MG_Providence.jpg'),(230,'Mg-gundam-barbatos_box_art.jpg'),(232,'MG_Sinanju_Stein_%28Narrative_Ver.%29.jpg'),(233,'MG_Exia_Dark_Matter_Boxart.jpg'),(237,'Aegis_Boxart.jpg'),(238,'Mg-rx-75.jpg'),(239,'Mg-amx-004.jpg'),(240,'Geara_Doga_MG_Boxart.jpg'),(241,'MG_Rick_Dom_C.A._Custom.jpg'),(242,'Mg-msn-02.jpg'),(243,'MG_Gundam_Double_X.jpg'),(244,'MG_Gundam_NT-1_Ver.2.0.jpg'),(245,'Mg-strike-noir.jpg'),(246,'Mg-msn-001.jpg'),(249,'Ms-06r2-mg.jpg'),(250,'Mg-ms-06r1-sm.jpg'),(251,'MG_Wing_Gundam_Zero_EW_VerKa.jpg'),(252,'Mg-ms14s-ver2.jpg'),(253,'MG_ZZ_Gundam_Ver.Ka.jpg'),(255,'Mg-full-armor-rx0-verka.jpg'),(257,'1-100_MG_Shenlong_Gundam_EW_Boxart.jpg'),(259,'Mg_wing_tv.jpg'),(261,'Mg-gogg.jpg'),(262,'MG_Sazabi_ver_KA_new_Boxart.jpg'),(263,'MG_1-100_00_Raiser_-_Boxart.jpg'),(264,'MG_MS-06F2_Zaku_II_F2_Boxart.jpg'),(265,'MG_GN-X.jpg'),(268,'Marasai_Box_Art.jpg'),(270,'Mg-amx-004mkii-ple.jpg'),(271,'Mg-ms06f.jpg'),(272,'MG_Aile_Strike_RM_Boxart.jpg'),(273,'Mg-strike-rouge.jpg'),(275,'Mg-ms-09r.jpg'),(277,'Mg-force-impulse.jpg'),(278,'Mg-rx77.jpg'),(280,'MG_Sengoku_Astray_Boxart.jpg'),(281,'Mg-epyon.jpg'),(282,'Rezel-mg.jpg'),(283,'MGGMSniperII.jpg'),(287,'MG_Universal_Booster_Boxart.jpg'),(288,'MG_Gunner_ZAKU_Warrior_%28Lunamaria_Hawke_Custom%29.jpg'),(289,'Mg-xm-x1.jpg'),(290,'Master_Grade_Wing_Proto_Zero_Boxart.jpg'),(292,'Mg-psychozaku.png'),(293,'Mg-rgm-79-ver2.jpg'),(294,'Mg-rgm79-g-sniper.jpg'),(295,'Mg-alex.jpg'),(296,'Mg-rx78-ka.jpg'),(298,'Hobby_257_pmaster_grade_mg_1100_scale_fa010a_fazz_sentinel_versionp.jpg'),(299,'MG_Age1.jpg'),(301,'MG_-_SYSTEM_%E2%88%80-99_%28WD-M01%29_-_%E2%88%80_Gundam_-_Boxart.jpg'),(302,'Mg-deathscythe-ew.jpg'),(303,'MG_-_MSZ-006_-_Zeta_Gundam_-_Boxart.jpg'),(304,'MGSinanjuSteinBoxArt.jpg'),(305,'MG_Strike_Rogue_Ootori.jpg'),(306,'Mg-rgm79-c-earth.jpg'),(307,'MG_-_MS-06R-1A_-_Zaku_II_-_Boxart.jpg'),(308,'MG_Astray_Blue_Frame_D_Boxart.jpg'),(309,'Mg-ms14-a.jpg'),(310,'Mg-msn-001-ballute.jpg'),(311,'Mg-rgz-91.jpg'),(317,'Mg-aile-strike.jpg'),(319,'Rgm-79n-mg.jpg'),(320,'Mg-f91-hm.jpg'),(321,'MG_GM_Sniper_Custom.jpg'),(323,'Mg-msn-02-perfect.jpg'),(327,'Mg-ms-07b3.jpg'),(328,'Msz-010-mg.jpg'),(329,'Mg-ms-06j-white-ogre.jpg'),(330,'Mg-rx-79g-ez8.jpg'),(331,'0161537.jpg'),(332,'MG_G-Fighter_Boxart.jpg'),(333,'Mg-launcher-strike.jpg'),(335,'Mg-rx-78-2original.jpg'),(336,'Mg-rx-78-2-ver2.jpg'),(338,'MG_Full_Armor_Gundam_Ver.Ka.jpg'),(339,'Mg-vgundam-ka.jpg'),(340,'Mg-rgm-79g.jpg'),(342,'MG_QanT.jpg'),(343,'MG_Sinanju_Boxart.jpg'),(345,'MGFreedomGundam2.0.jpg'),(347,'MG_Gundam_Fenice_Rinascita.jpg'),(348,'Mg_delta_plus_boxart.jpg'),(349,'MG_Build_Gundam_MK2_Boxart.jpg'),(351,'Mg-blue-frame.jpg'),(352,'Mg-rx-178t-ver2.jpg'),(354,'Mg-ms-06s-ver2.jpg'),(355,'Mg-ms-14c-jr.jpg'),(357,'Strike-iwsp-mg.jpg'),(358,'Mg-ms06-f.jpg'),(359,'Mg-rms-106.jpg'),(361,'MG_-_F91_Gundam_F91_-_Boxart.jpg'),(363,'MG_-_GF13-001NHII_Master_Gundam_-_Boxart.jpg'),(364,'Rgz-95c-mg.jpg'),(366,'Mg-amx-004mkii.jpg'),(367,'Deathscythe_h_boxart.jpg'),(368,'MSZ-006.jpeg'),(369,'Mg-msn-04.jpg'),(370,'Mg-msz-006c1.jpg'),(371,'YMS-15_Gyan_MG_boxart.jpg'),(372,'Mg_age-1_titus.jpg'),(373,'Mg-rb-79sm.jpg'),(374,'Mg-rb79-ka.jpg'),(375,'Rx-0-mgboxart.jpg'),(376,'Mg-rx78g05.jpg'),(377,'LM312V04SD-VB03A-verka-mg.jpg'),(378,'MG_Gundam_Astray_Red_Frame_Kai.jpg'),(380,'Rgm-79q-mg.jpg'),(381,'MG-GundamOrigin.jpg'),(382,'MG_Hyaku_Shiki_Ver._2.0.jpg'),(383,'MG_-_MSA-003_-_Nemo_-_Boxart.jpg'),(384,'Ms-06r1a-mg-shin.jpg'),(385,'Ms-06r-2-mg1.jpg'),(386,'MG_GM_Command_-Colony_Type-.jpg'),(387,'MG_Rx-78-2_ver_3.0_Boxart.jpg'),(388,'MG_Unicorn_Gundam_02_Banshee_Ver.Ka.jpg'),(389,'MG_Zaku_Minelayer.jpg'),(392,'Mg-rx-78ca.jpg'),(393,'MG_FA_78-1_Gundam.jpg'),(395,'MG_Hi-v_ver.ka.jpg'),(397,'Mg-ms14-ca.jpg'),(398,'Mg-rx78-gp02.jpg'),(401,'Mg-ms-05bt.jpg'),(402,'MG_Tallgesse_Box_Art.jpg'),(403,'MG_Gundam_AgeII_Magnum.jpg'),(404,'MG_Jesta_Boxart.jpg'),(405,'Mg-rx-79g.jpg'),(408,'Mg-g-armor-rt.jpg'),(409,'MG_Turn_X_Boxart.jpg'),(412,'MG_Duel_Gundam_Assaultshroud.jpg'),(413,'Mg-rgm79-c-space.jpg'),(414,'MG_Gundam_Kyrios.jpg'),(415,'Mg-strike-iswp-lk.jpg'),(417,'Mg-ms-06j-ver2.jpg'),(418,'Mg-rx-178.jpg'),(419,'Mg-ew-heavyarms.jpg'),(420,'Mg-ms07b.jpg'),(421,'MG_Destiny_SP_01.jpg'),(422,'Hi-nu_gundam_Boxart.jpg'),(423,'Infinite-justice-mg-art.jpg'),(424,'MG_F91_Gundam_Ver._2.0.jpg'),(425,'MG_Unicorn_Phenex.jpg'),(426,'Mg_wing_ew.jpg'),(427,'MG_Gundam_Mk_II_AEUG_30th.jpg'),(428,'Mg-rx-178-titans-ver2-hdcolor.jpg'),(429,'MG_Geara_Doga_%28Full_Frontal_Use%29.jpg'),(430,'MG_Gundam_TR-1_%28Advanced_Hazel%29.jpg'),(431,'MG_Aile_Strike_Gundam_Ver.RM_Launcher_Sword_Striker_Pack.jpg'),(432,'MG_Char%27s_Zaku_II_Ver._2.0_%28Mechanical_Clear_Ver.%29.jpg'),(433,'MG_Unicorn_Gundam_-Solid_Clear_Standard-.jpg'),(434,'MG_Char%27s_Z%27Gok_Extra_Finish_Ver.jpg'),(435,'MG_Zaku_II_2.0_Extra_Finish_Ver.jpg'),(436,'MG_Gundam_AGE-2_Normal_SP.jpg'),(437,'MG_Catapult_Base.jpg'),(438,'MG_Impulse_Gundam_Blanche.jpg'),(439,'MG_Gundam_Exia_Repair_II.jpg'),(440,'MG_Zaku_II_High_Mobility_Type_Eric_Mansfield_Custom.jpg'),(441,'MG_Z_Gundam_Head.jpg'),(442,'MG_Zaku_II_Ver.LUNA_SEA.jpg'),(443,'MGBall-Kawaguchi.jpg'),(444,'MG_Gundam_Stormbringer.jpg'),(445,'MG_RX-78-2_Ver_One_Year_War_Extra_Finish_Ver.jpg'),(446,'MG_Gundam_Stormbringer_F.A._GM_Turbulence.jpg'),(447,'MG_Unicorn_Gundam_Ver._Ka_-Code_852-.jpg'),(448,'/wiki/GAT-X105%2BAQM/E-X01_Aile_Strike_Gundam'),(449,'MG_%CE%96%CE%96_Gundam_Head.jpg'),(450,'Ms-06r1-illustration.jpg'),(451,'MG_Gundam_Astray_Gold_Frame.jpg'),(452,'MG_Psycho_Zaku_%28Last_Session_Ver%29.jpg'),(453,'MG_Gundam_Cup_Noodle_Curry_Original_Clear_Color_Ver.jpg'),(454,'MG_Shield_Booster_Armed_Armor_DE_for_FAUC_Manga_Special_Edition.jpg'),(455,'MG_Gelgoog_Cannon_MSV_Color.jpg'),(456,'MG_Gundam_F91_Ver.2.0_%28Harrison_Madin_Custom%29.jpg'),(457,'/wiki/Mission_Packs'),(458,'MG_RX-78-2_2.0_Mechanical_Smoked_Clear_Ver.jpg'),(459,'MG_Garma_Zabi%27s_Zaku_II.jpg'),(460,'/wiki/RX-78-2_Gundam'),(461,'MG_00_Raiser_Clear_Color_Ver.jpg'),(462,'MG_Unicorn_Gundam_02_Banshee_Final_Battle.jpg'),(463,'MG_Zaku_II_2.0_Clear_Color_Ver.jpg'),(464,'MG_Casval%27s_Gundam_Coating_Ver.jpg'),(465,'MG_GMSniperII_WhiteDingoTeamSpec.jpg'),(466,'Gunpla_MG_ltd_MS07B3_MSIgloo2_box.jpg'),(467,'MG_Lydo_Wolf%27s_GM_Sniper_II.jpg'),(468,'MG_Tallgeese_II_Boxart.jpg'),(469,'MG_%E2%88%80_Gundam_Turn_X_-Nano_Skin_Image-.jpg'),(470,'MG_Zaku_II_Yuma_Lightning_Custom.jpg'),(471,'MG_Destiny_Gundam_Clear_Color_Ver.jpeg'),(472,'MG_GM_Command_Space_Type.jpg'),(473,'MG_Geara_Doga_-Unicorn_Ver.-.jpg'),(474,'Destiny_mg_heine.jpg'),(475,'/wiki/ASW-G-08_Gundam_Barbatos'),(476,'MG_Gundam_Astray_Red_Frame_Flight_Unit.jpg'),(477,'MG_Unicorn_Gundam_02_Banshee_%22Ver.Ka%22_%28Final_Battle_Ver.%29.jpg'),(478,'Mg_Gundam_Fenice_Rinascita_Alba.jpg'),(479,'MG_Justice_Gundam_%28Special_Coating%29.jpg'),(480,'MG_Slash_ZAKU_Phantom_%28Yzak_Jule_Custom%29.jpg'),(481,'MG_Gundam_Heavyarms_EW_%28IGEL_Armament%29.jpg'),(482,'MG_Gundam_Ver._3.0_%28Mechanical_Clear_Ver.%29.jpg'),(483,'MG-Uma_Lightning%27s_Gelgoog_High_Mobility_Type.jpg'),(484,'MG_Sazabi_Ver.Ka_-Special_Coating-.jpg'),(485,'MG_Aile_Strike_Gundam_Deactive_Mode.jpg'),(486,'MG_Musha_Gundam_Mk._II_Tokugawa_Ieyasu_Ver.jpeg'),(487,'/wiki/MSN-04_Sazabi'),(488,'MG-GM_Sniper_Custom_%28Tenneth_A._Jung_Custom%29.jpg'),(489,'MG_Mission_Pack_D-Type_%26_G-Type.jpg'),(490,'MG_Gunpla_LED_Unit_Pink.jpg'),(491,'MG_Super_Gundam_Plating_%26_Clear_Ver.jpg'),(492,'MG_Zeta_Plus_A1_-Unicorn_Ver.-.jpg'),(493,'MG_GM_Dominance.jpg'),(494,'MG_Zaku_II_%28Shin_Matsunaga_Custom%29.jpg'),(495,'MG_Zaku_II_Anavel_Gato_Custom.jpg'),(496,'MG_Gundam_Ver.3.0_-Solid_Clear_Standard-.jpg'),(497,'MG_Zeta_Gundam_2.0_Extra_Finish_Ver.jpg'),(498,'MG_GM_Cannon_-Red_Head-_%28Jaburo_Defense_Team_Custom%29.jpg'),(499,'MG_Zaku_II_F2_Type_%28Kimberlite_Base_Type%29.jpg'),(500,'MG_RX-78-2_Gundam_%28Perfect_Gundam_Ver.%29_-Anime_Color-.jpg'),(501,'MG_Advanced_GN-X.jpg'),(502,'MG_%CE%BD_Gundam_Head.jpg'),(503,'MG_Expansion_Effect_Unit_Moonlight_Butterfly_for_%E2%88%80_Gundam.jpg'),(504,'MG_Wing_Gundam_Proto_Zero_EW_Clear_Color_Ver.jpg'),(505,'MG_Re-GZ_Custom.jpg'),(506,'MG_CrossboneGundamX2Custom_VerKa.jpg'),(507,'MG_Gundam_Ver.3.0_Extra_Weapon_Pack.jpg'),(508,'MG_Dwadge.jpg'),(509,'MG_Zaku_II_%28Char_Aznable_Custom%29_Ver.2.0_-Solid_Clear_Standard-.jpg'),(510,'MG_Blast_Impulse_Gundam.jpg'),(511,'MG_Jesta_Cannon_-Clear_Color-.jpg'),(512,'MG_Gundam_NT-1_Ver.2.0_-Clear_Color-.jpg'),(513,'MG_Unicorn_Gundam_Perfectibility.jpg'),(514,'Expansion_Funnel_Set_for_MG_Sazabi_Ver.Ka_%26_RE100_Nightingale.jpg'),(515,'MG_Gundam_Ver.3.0_TMDC.jpg'),(516,'Blitz_Gundam_Mirage_Colloid_Clear_Ver.jpg'),(517,'MG_RX-78-2_2.0_Club_MG_Pure_Gold_Plating_Ver.jpg'),(518,'MG_Jesta_%28Shezarr_Type%2C_Team_B_%26_C%29.jpg'),(519,'MG_Beam_Gatling_Gun_Set_for_UC_Novel_Special_Edition.jpg'),(520,'MGZaku-Kawaguchi.jpg'),(521,'MG_Sinanju_%28Mechanical_Clear%29.jpg'),(522,'MG_00_Qan_T_Clear_Color_Ver.jpg'),(523,'MG_Zaku_II_%28Breniff_Oguz_Custom%29.jpg'),(524,'MG_Gundam_Sandrock_EW_%28Armadillo_Unit%29.jpg'),(525,'/wiki/MS-06F2_Zaku_II_F2_Type'),(526,'MG_Nu_Gundam_Ver_Ka_GDHKIII.jpg'),(527,'MG_G_Gundam_Version_Up_Parts.jpg'),(528,'MG_Gelgoog_%28Anavel_Gato_Custom%29_Ver.2.0.jpg'),(529,'MG_Ballute_Pack.jpg'),(530,'MG_Crossbone_Gundam_X-3_Ver._Ka.jpg'),(531,'MG_Zeta_Gundam_III_P2_Type_Red_Zeta.jpg'),(532,'MG_Johnny_Ridden%27s_Zaku_II.jpg'),(533,'/wiki/GAT-X105%2BAQM/E-X01_Aile_Strike_Gundam'),(534,'MG_Gundam_Ver.3.0_-Gold_Coating-.jpg'),(535,'MG_Gundam_Astray_Noir.jpg'),(536,'/wiki/MSN-04_Sazabi'),(537,'Hi-Nu_Gundam_H.W.S._Ver.Ka_Mechanical_Clear.jpg'),(538,'MG-NuGundam-GFT.jpg'),(539,'MG_Rocket_Bazooka_for_Sinanju_Novel_Special_Edition.jpg'),(540,'MG_Char%27s_Zaku_II_2.0_Titanium_Finish.jpg'),(541,'MG_Tallgeese_III_-Special_Coating-.jpeg'),(542,'MGAstrayBlueFrameD-FormationBase.jpg'),(543,'MG_Mission_Pack_F-Type_%26_M-Type.jpg'),(544,'MG_Perfect_Strike_Gundam_Special_Coating_Ver.jpg'),(545,'MG_Gundam_Heavyarms_Custom_EW.jpg'),(546,'MG_Zaku_II_Commander_Type_%28Char_Aznable_Custom%29_Ver._2.0_Real_Type_Color.jpg'),(547,'MG_Qubeley_Damned.jpg'),(548,'MG_Gundam_TR-1_%28Hazel_Custom%29_%28Combat_Deployment_Colors%29.jpg'),(549,'MG_00_Gundam_Seven_SwordG_%28Clear_Color_Ver.%29.jpg'),(550,'MG_Crossbone_Gundam_X-1_Full_Cloth_-Extra_Finish-.jpg'),(551,'MG_Core_Fighter_G-3_Color.jpg'),(552,'MG_RX-78-2_Ver_One_Year_War_Club_MG_Titanium_Finish_Ver.jpg'),(553,'MG_G-3_Gundam_Ver._One_Year_War_0079.jpg'),(554,'MG_Gundam_Ver.3.0_-Gundam_Base_Color-.jpg'),(555,'MG_Dom_Ramba_Ral_Custom_Coating_Ver.jpg'),(556,'Expansion_Effect_Unit_for_ZGMF-X10A_Freedom_Gundam_Ver._2.0.jpg'),(557,'MG_Full_Armor_Unicorn_Gundam_Mechanical_Clear_Ver.jpg'),(558,'MG_G-Parts_%EF%BC%BBHrududu%EF%BC%BD_%28Combat_Deployment_Colors%29.jpg'),(559,'MG_Freedom_Gundam_Ver._2.0_Full_Burst_Mode_Special_Coating_Ver..jpg'),(560,'MG_Unicorn_Gundam_%28Green_Frame_Clear_Color_Ver.%29.jpg'),(561,'MG_Gundam_Astray_Red_Dragon.jpg'),(562,'/wiki/RX-93-%CE%BD2_Hi-%CE%BD_Gundam'),(563,'MG_Unicorn_Gundam_03_Phenex_%28Narrative_Ver.%29.jpg'),(564,'MG_Blaze_ZAKU_Phantom_Blaze_ZAKU_Warrior.jpg'),(565,'MG_Freedom_Gundam_Ver._2.0_Clear_Color.jpg'),(566,'MG_Nemo_Unicorn_Desert_Color_Ver.jpg'),(567,'MG_Gouf_2.0_Clear_Color_Ver.jpg'),(568,'MG_Victory_Two_Assault_Buster_Gundam_Ver.Ka_-Titanium_Finish-.jpg'),(569,'MG_Dwadge_Custom.jpg'),(570,'/wiki/RX-93_%CE%BD_Gundam'),(571,'MG_%CE%BD_Gundam_HWS_Ver_Ka.jpg'),(572,'MG_Zaku_II_Commander_Type_Char_Aznable_custom_Cup_Noodle_Original_Clear_Color_Ver..jpg'),(573,'MG_RX-78-2_1.5_Plated_Ver.jpg'),(574,'MG_Gelgoog_Coating_Ver.jpg'),(575,'Expansion_Effect_Unit_Wings_of_Light_for_Victory_Two_Gundam_Ver.Ka.jpg'),(576,'GunplaLEDUnit-Red.jpg'),(577,'MG_Neuen_Bitter%27s_Zaku_II_F2_Type.jpg'),(578,'MG_Gundam_Fenice_Rinascita_Clear_Color_Ver.jpg'),(579,'MG_Zaku_II_Masaya_Nakagawa_Custom.jpg'),(580,'MG_Core_Fighter_Full_Armor_Color.jpg'),(581,'MG_Gundam_Ver._One_Year_War_0079_Movie_Image_Color.jpg'),(582,'HWS_Expansion_Set_for_%CE%BD_Gundam_Ver_Ka.jpg'),(583,'MG_Full_Armor_Unicorn_Gundam_-Red_Color_Ver.-.jpg'),(584,'MG_GN-XIII_ESF_Type.jpg'),(585,'MG_Sazabi_Ver_Ka_GDHKIII.jpg'),(586,'Master_Grade_Series_10th_Anniversary_Model.jpg'),(587,'/wiki/MS-06S_Zaku_II_Commander_Type'),(588,'MG_Beam_Gatling_Gun_Set_for_UC_Gundam_ACE.jpg'),(589,'MG-GundamTR1HazelCustom.jpg'),(590,'MG_Wing_Gundam_Zero_Pearl_Mirror_Coating.jpg'),(591,'/wiki/RX-78-2_Gundam'),(592,'MGRX-78-2GundamGFT.jpg'),(593,'MG_Core_Fighter_Clear.jpg'),(594,'Gunpla_MG_DozleZaku_box.jpg'),(595,'MG_Gundam_TR-1_-Hazel_Owsla-.jpg'),(596,'MG_Impulse_Gundam_Full_Color_Plating_Ver.jpg'),(597,'MG_Expansion_Part_Set_for_Gundam_Barbatos.jpg'),(598,'MG_AAPE_RX-78-2_Gundam_GRN-CAMO.jpg'),(599,'GunplaLEDUnit-Yellow.jpg'),(600,'MG_00_Qan-T-_Full_Saber_-Special_Coating-.jpg'),(601,'MG_Gundam_X_Unit_3.jpg'),(602,'MG_F91_Gundam_F91_Ver.2.0_ORIGINAL_PLAN_Ver.jpg'),(603,'MGAltronGundamEW.jpg'),(604,'MG_Zeta_Gundam_3B_Type.jpg'),(605,'MG_Rick_Dom_Plating_%26_Clear_Ver.jpg'),(606,'/wiki/RX-93_%CE%BD_Gundam'),(607,'MG_Gundam_Ver._2.0_Mechanical_Clear_Ver.jpg'),(608,'MG_00_Gundam_Seven_SwordG_-Inspection-.jpg'),(609,'MG_Zaku_II_2.0_Real_Type_Color.jpg'),(610,'MGStrikeFreedom-Okawara.jpg'),(611,'MG_Zaku_II_Modeler%27s_Cup_Clear_Ver.jpg'),(612,'Gunpla_MG_ltd_MS06J_MSIgloo2_box.jpg'),(613,'MG_Gundam_F90.jpg'),(614,'MG_Casval%27s_Rick_Dom_Coating_Ver.jpg'),(615,'MG_FAZZ_Ver.Ka_-Titanium_Finish-.jpg'),(616,'MG_Crossbone_Gundam_X-2_Ver._Ka.jpg'),(617,'/wiki/SYSTEM_%E2%88%80-99_(WD-M01)_%E2%88%80_Gundam'),(618,'/wiki/MSR-00100CR_Hyaku_Shiki_Crash#Variants'),(619,'/wiki/RX-78-2_Gundam'),(620,'MG_Gundam_The_Origin_-Solid_Clear_Reverse-.jpg'),(621,'China_Special_01.jpg'),(622,'MG_Gundam_F90II_I-Type.jpg'),(623,'Legend_of_Mechanical_Design.jpg'),(624,'/wiki/Mobile_Suit_Gundam'),(625,'MG_Z%27Gok_%28Unicorn_Ver.%29.jpg'),(626,'/wiki/ORX-013_Gundam_Mk-V'),(627,'MGRX-78-2-Kawaguchi.jpg'),(628,'MG_Qubeley_Embellir.jpg'),(629,'MG_Mega_Bazooka_Launcher.jpg'),(630,'MG_GM_Cannon_-North_America_Front-.jpg'),(631,'MG_Gundam_Ver.3.0_Success_x_Gundam_Project_Ver.jpg'),(632,'MG_Aile_Strike_Gundam_Ver._RM_Clear_Color.jpg'),(633,'MG_%E2%88%80_Gundam_Moonlight_Butterfly_Ver..jpg'),(634,'Gunpla_MG_RickDomDozleZabi_box.jpg'),(635,'MG_Shenlong_Gundam_EW_Liaoya.jpg'),(636,'MG_Strike_Freedom_Gundam_Clear_Color.jpg'),(637,'MG_Gundam_Dynames_%28Trans-Am_Mode%29_-Metallic_Gloss_Injection-.jpg'),(638,'MG_Robert_Gilliam_Zaku_II.jpg'),(639,'/wiki/RX-0_Full_Armor_Unicorn_Gundam'),(640,'MG_Gundam_Ver.2.0_-Solid_Clear_Standard-.jpg'),(641,'MG_RX-78-2_3.0_Solid_Clear_Reverse_Last_One.jpg'),(642,'MG_Enhanced_ZZ_Gundam_VerKa.jpg'),(643,'/wiki/RX-93-%CE%BD2_Hi-%CE%BD_Gundam'),(644,'MG_Heavy_Gundam.jpg'),(645,'MG_RX-78-2_Club_MG_Titanium_Finish_Ver.jpg'),(646,'MG_RX-78-2_Ver_One_Year_War_Club_MG_Chrome_Plating_Ver.jpg'),(647,'MG_Zaku_II_Commander_Type_%28Black_Tri-Stars%29_Ver._2.0.jpg'),(648,'MG_Destiny_Impulse_Gundam_R.jpg'),(649,'MG_Jegan_D_Type.jpg'),(650,'MG_Prototype_Gundam.jpg'),(651,'MG_PrototypeGouf.JPG'),(652,'MG_Gundam_Astray_Red_Frame.jpg'),(653,'MG_Gundam_The_Origin_-Solid_Clear_Standard-.jpg'),(654,'MG_V2_Assault_Buster_Ver_Ka.jpg'),(655,'MG_Gundam_Barbatos_-Clear_Color-.jpg'),(656,'/wiki/MS-06F2_Zaku_II_F2_Type'),(657,'MG_GM_II_%28A.E.U.G._Color_Ver.%29.jpg'),(658,'MG_Gundam_Deathscythe_EW_%28Roussette_Unit%29.jpg'),(659,'P-babdai_babshee_norn-01.jpg'),(660,'MG_Trans-Am_Raiser_Clear_Color_Ver.jpg'),(661,'MG_Gundam_Ground_Type_Camouflage.jpg'),(662,'MG_Nu_Gundam_Gold_GBWC.JPG'),(663,'MG_Assault_Buster_Expansion_Part.jpg'),(664,'MG-Providence_Gundam_%28Special_Coating_Ver.%29.jpg'),(665,'MG_GM_Sniper_II_%28Clear_Color_Ver.%29.jpg'),(666,'MG_Gundam_Mk-II_Head.jpg'),(667,'MG_Core_Fighter_Prototype_Color.jpg'),(668,'MG_Re-GZ_%28Unicorn_Ver.%29.jpg'),(669,'MG_Mission_Pack_E-Type_%26_S-Type.jpg'),(670,'MG_%CE%BD_Gundam_Ver._Ka_Double_Fin_Funnel_Set.jpg'),(671,'MG_Tallgeese_III.jpg'),(672,'/wiki/GN-0000%2BGNR-010/XN_00_XN_Raiser'),(673,'Gunpla_MG_MQuve_Gouf_box.jpg'),(674,'MG_Gundam_Cup_Noodle_Original_Color_Ver..jpg'),(675,'MG_G.H.L-M.A.D_Gun.jpg'),(676,'/wiki/RX-78NT-1_Gundam_%22Alex%22'),(677,'MG_Geara_Doga_%28Rezin_Schnyder_Custom%29.jpg'),(678,'MG_GN-XIII_%28A-Laws_Ver.%29.jpg'),(679,'MG_Gundam_AGE-1_Normal_Unit_02.jpg'),(680,'MG_Gundam_Sandrock_Custom_EW.jpg'),(681,'MG_Hyakushiki_Crash.jpg'),(682,'MG_Zaku_Cannon_%28Ian_Greydon_Custom%29.jpg'),(683,'MG_Justice_Gundam_%28Clear_Color%29.jpg'),(684,'MG_Jesta_Cannon.jpg'),(685,'MG_Hyaku_Shiki_Kai_Mass_Production_Type.jpg'),(686,'MG_MS_Cage.jpg'),(687,'MG_Casval%27s_Gundam_Ver.3.0.jpg'),(688,'MG_Shield_Booster_Expansion_Set.jpg'),(689,'MG_Gundam_Ver.2.0_-Solid_Clear_Reverse-.jpg'),(690,'MG_Deborah%27s_Advanced_GN-X.jpg'),(691,'MG_Mission_Pack_O-Type_%26_U-Type.jpg'),(692,'MG_Gundam_GP03S_Plating_Ver.jpg'),(693,'Enhanced_Expansion_Parts_for_ZZ_Gundam_VerKa.jpg'),(694,'MG_Mission_Pack_B-Type_%26_K-Type.jpg'),(695,'MG_Flight_Unit_Expansion_Set_for_Gundam_Astray_Red_Frame.jpg'),(696,'MG_Char%27s_Zaku_II_2.0_Clear_Color_Ver.jpg'),(697,'MG_Gundam_The_Origin_Mechanical_Clear_Ver.jpg'),(698,'MG_GM_Cold_Districts_Type.jpg'),(699,'MG_Star_Build_Strike_Gundam_RG_System_Ver..jpg'),(700,'MG_Polypodball.jpg'),(701,'MG_Gundam_F91_Ver.2.0_-Afterimage_Image_Color-.jpg'),(702,'MG_Emergency_Escape_Pod_-Primrose-_Expansion_Set.jpg'),(703,'MG_ZZ_Gundam_Ver.Ka_-Clear_Color-.jpg'),(704,'Gunpla_MG_MS06K-Unicorn_box.jpg'),(705,'MG_Gundam_TR-1_-Hazel_II-_Early_Type.jpg'),(706,'MG_Core_Fighter_Color_Clear.jpg'),(707,'MG_Gundam_F91_Back_Cannon_Type_%26_Twin_V.S.B.R._Set_Up_Type.jpg'),(708,'MG_Nu_Gundam_Ver_Ka_Mechanical_Clear.jpg'),(709,'MG_G-Parts_%EF%BC%BBHrududu%EF%BC%BD.jpg'),(710,'MG_Crossbone_Gundam_X0_Ver.Ka.jpg'),(711,'MG-Wing_Gundam_Zero_EW_%2B_Drei_Zwerg_%28Special_Coating_Ver.%29.jpg'),(712,'MG_GM_Cannon.jpg'),(713,'MG_GM_II_-Unicorn_Ver.-.jpg'),(714,'MG_Providence_Gundam_DRAGOON_Effect.jpg'),(715,'MG_Jegan_D_Type_%28First_Deployment_Type%29.jpg'),(716,'MG_Char%27s_Zaku_II_2.0_Extra_Finish_Ver.jpg'),(717,'MG_S_Gundam_Booster_Unit_Type.jpg'),(718,'MG_GM_II.jpg'),(719,'MG_Strike_Rouge_Clear_Color_Ver.jpg'),(720,'MG_Gundam_Astray_Red_Frame_%28Metallic_Frame_Clear_Color_Ver.%29.jpg'),(721,'MG_Freedom_Gundam_Clear_Color_Ver.jpg'),(722,'/wiki/RX-0_Full_Armor_Unicorn_Gundam'),(723,'MG_Zaku_II_High_Mobility_Type_Psycho_Zaku_-Gundam_Thunderbolt-_Ver.Ka_-Half_Mechanical_Clear-.jpg'),(724,'MG_Philip_Hughs%27s_GM_Dominance.jpg'),(725,'MG_Gundam_Ver._2.0_Real_Type_Color.jpg'),(726,'MG_Full_Armor_Gundam_VerKa_%28Half_Mechanical_Clear%29.jpg'),(727,'MG_Zaku_II_%28Gabby_Hazard_Colors%29.jpg'),(728,'MG_Unicorn_Gundam_Metallic_Gloss.jpg'),(729,'Gunpla_MG_ltd_MS09_MSIgloo2_box.jpg'),(730,'MG_Full_Armor_Unicorn_Gundam_Gold_GBWC.jpg'),(731,'/wiki/MS-06F2_Zaku_II_F2_Type'),(732,'/wiki/F90_Gundam_F90'),(733,'MG_Tallgeese_II_Special_Coating.jpg'),(734,'MG_GM_II_Semi-Striker.jpg'),(735,'MG_Tallgeese_EW_Special_Coating_Ver.jpg'),(736,'MG_Nemo_-Unicorn_Color_Ver.-.jpg'),(737,'Gunpla_MG_FullArmorGundamBlueColor_box.jpg'),(738,'MG_Gyan_Extra_Finish_Ver.jpg'),(739,'MG_Gundam_Ver.3.0_Clear_Color_Ver.jpg'),(740,'MG_Testament_Gundam.jpg'),(741,'MG_Hi-%CE%BD_Gundam_HWS_Ver.Ka.jpg'),(742,'MG_Full_Armor_Gundam_-Gundam_Thunderbolt-_Last_session.jpg'),(743,'/wiki/RX-93_%CE%BD_Gundam'),(744,'MG_Rocket_Bazooka_for_Sinanju_Gundam_ACE.jpg'),(745,'MG_RX-78-2_2.0_Clear_Color_Ver.jpg'),(746,'MG_RX-78-2_Wii_Limited_Color_Ver.jpg'),(747,'MG_V2_Gundam_Ver.Ka_Clear_Gold_Plated_Ver.jpg'),(748,'Weapon_Armor_Hanger_for_Full_Armor_Gundam_Thunderbolt.jpg'),(749,'MG_Gundam_Head.jpg'),(750,'MG_Gundam_NT-1_Plating_%26_Clear_Ver.jpg'),(751,'MG_GM_%28White_Dingo_Team_Custom%29.jpg'),(752,'MG_Gundam_Amazing_Exia.jpg'),(753,'MG_Gundam_Ver.3.0_-Solid_Clear_Reverse-.jpg'),(754,'MG_Zeta_Gundam_Modeler%27s_Cup_Gold_Plating_Ver.jpg'),(755,'/wiki/MSN-04_Sazabi'),(756,'MG_Shield_Booster_Armed_Armor_DE_for_UC_Manga_Special_Edition.jpg'),(757,'MG_Sazabi_Ver._Ka_Mechanical_Clear_Ver.jpg'),(758,'MG_Marasai_-Unicorn_Ver.-.jpg'),(759,'MG_Powered_GM.jpg'),(760,'MG_Hyaku_Shiki_Ver._2.0_%28Mechanical_Clear%29.jpg'),(761,'MG_GM_Cannon_%28White_Dingo_Team_Custom%29.jpg'),(762,'MG_Trans-Am_Raiser.jpg'),(763,'MG_Hi_Nu_Gundam_Gold_GBWC.jpg'),(764,'MG_Hyaku_Shiki_Kai.jpg'),(765,'MG_Gundam_Ver._Gundam_Crisis.jpg');
/*!40000 ALTER TABLE `picture` ENABLE KEYS */;
UNLOCK TABLES;

--
-- Table structure for table `scale`
--

DROP TABLE IF EXISTS `scale`;
/*!40101 SET @saved_cs_client     = @@character_set_client */;
/*!40101 SET character_set_client = utf8 */;
CREATE TABLE `scale` (
  `id` int(11) NOT NULL AUTO_INCREMENT,
  `name` varchar(20) COLLATE utf8mb4_unicode_ci NOT NULL,
  PRIMARY KEY (`id`)
) ENGINE=InnoDB AUTO_INCREMENT=21 DEFAULT CHARSET=utf8mb4 COLLATE=utf8mb4_unicode_ci;
/*!40101 SET character_set_client = @saved_cs_client */;

--
-- Dumping data for table `scale`
--

LOCK TABLES `scale` WRITE;
/*!40000 ALTER TABLE `scale` DISABLE KEYS */;
INSERT INTO `scale` VALUES (11,'1/144'),(12,'1/100'),(13,'1/60'),(14,'1/45'),(15,'1/550');
/*!40000 ALTER TABLE `scale` ENABLE KEYS */;
UNLOCK TABLES;

--
-- Table structure for table `serie`
--

DROP TABLE IF EXISTS `serie`;
/*!40101 SET @saved_cs_client     = @@character_set_client */;
/*!40101 SET character_set_client = utf8 */;
CREATE TABLE `serie` (
  `id` int(11) NOT NULL AUTO_INCREMENT,
  `name` varchar(255) COLLATE utf8mb4_unicode_ci NOT NULL,
  `name_short` varchar(20) COLLATE utf8mb4_unicode_ci DEFAULT NULL,
  `era_id` int(11) DEFAULT NULL,
  `serie_type_id` int(11) DEFAULT NULL,
  `main_serie_id` int(11) DEFAULT NULL,
  PRIMARY KEY (`id`),
  KEY `IDX_AA3A9334707300A1` (`era_id`),
  KEY `IDX_AA3A9334F1D5FF34` (`serie_type_id`),
  KEY `IDX_AA3A93346199C8` (`main_serie_id`),
  CONSTRAINT `FK_AA3A93346199C8` FOREIGN KEY (`main_serie_id`) REFERENCES `serie` (`id`),
  CONSTRAINT `FK_AA3A9334707300A1` FOREIGN KEY (`era_id`) REFERENCES `era` (`id`),
  CONSTRAINT `FK_AA3A9334F1D5FF34` FOREIGN KEY (`serie_type_id`) REFERENCES `serie_type` (`id`)
) ENGINE=InnoDB AUTO_INCREMENT=98 DEFAULT CHARSET=utf8mb4 COLLATE=utf8mb4_unicode_ci;
/*!40101 SET character_set_client = @saved_cs_client */;

--
-- Dumping data for table `serie`
--

LOCK TABLES `serie` WRITE;
/*!40000 ALTER TABLE `serie` DISABLE KEYS */;
INSERT INTO `serie` VALUES (8,'Mobile Suit Gundam 00','00',2,1,NULL),(9,'Mobile Suit Gundam SEED','SEED',7,1,NULL),(10,'Mobile Suit Gundam SEED Destiny','SEED DESTINY',7,1,NULL),(11,'Mobile Suit Gundam Iron-Blooded Orphans','IBO',11,1,NULL),(16,'Mobile Suit Gundam','MSG',12,1,NULL),(22,'Mobile Suit Zeta Gundam','ZETA',12,1,NULL),(23,'Mobile Suit Gundam 0083: Stardust Memory','0083',12,1,NULL),(24,'Mobile Fighter G Gundam','G GUNDAM',8,1,NULL),(25,'Mobile Suit Gundam: The One Year War',NULL,12,7,NULL),(26,'Mobile Suit Gundam: Char\'s Counterattack',NULL,12,3,NULL),(27,'Gundam Neo Experience 0087: Green Divers',NULL,12,3,NULL),(28,'Mobile Suit Victory Gundam','VICTORY',12,1,NULL),(29,'Mobile Suit Gundam ZZ','ZZ',12,1,NULL),(30,'Mobile Suit Gundam Unicorn (Novel)',NULL,12,4,37),(31,'Plamo-Kyoshiro / Dynasty Warriors Gundam 2',NULL,NULL,7,NULL),(32,'New Mobile Report Gundam Wing: Endless Waltz','WING EW',1,2,58),(33,'Mobile Suit Gundam SEED C.E. 73: STARGAZER',NULL,7,2,9),(34,'Mobile Suit Gundam: The 08th MS Team',NULL,12,2,NULL),(35,'Mobile Suit Gundam SEED VS Astray','VS ASTRAY',7,4,9),(36,'Mobile Suit Gundam 0080: War in the Pocket','0080',12,2,NULL),(37,'Mobile Suit Gundam Unicorn','UC',12,2,NULL),(38,'Mobile Suit Gundam: Char\'s Counterattack - Beltorchika\'s Children',NULL,12,4,26),(39,'Mobile Suit Crossbone Gundam: Steel 7',NULL,12,5,NULL),(40,'Gundam Build Fighters',NULL,5,1,NULL),(41,'Mobile Suit Gundam 00V','00V',2,6,8),(42,'Mobile Suit Gundam: The Origin','ORIGIN',12,5,NULL),(43,'Mobile Suit Gundam 00V: Battlefield Record','00V:BR',2,4,8),(44,'Mobile Suit Gundam 00 The Movie -A wakening of the Trailblazer-','00 THE MOVIE',2,3,8),(45,'Mobile Suit Gundam SEED Destiny Astray R','DESTINY ASTRAY R',7,5,10),(46,'Gundam Sentinel','SENTINEL',12,4,NULL),(47,'New Mobile Report Gundam Wing Endless Waltz: The Glory of Losers',NULL,1,5,58),(48,'Mobile Suit Gundam: Zeonic Front',NULL,12,7,NULL),(49,'Mobile Suit Variations','MSV',12,6,NULL),(50,'Mobile Suit Gundam AGE','AGE',3,1,NULL),(51,'Mobile Suit Gundam Gihren\'s Greed',NULL,12,7,NULL),(52,'Mobile Suit Gundam F90','F90',12,5,74),(53,'Mobile Suit Gundam Side Story: Space, To the End of a Flash',NULL,12,4,NULL),(54,'Dynasty Warriors Gundam 2','DWG 2',NULL,7,NULL),(55,'Zeta Gundam Mobile Suit Variations','ZETA V',12,6,22),(56,'Plamo-Kyoshiro',NULL,NULL,5,NULL),(57,'Mobile Suit Gundam Side Story: The Blue Destiny',NULL,12,7,NULL),(58,'Mobile Suit Gundam Wing','WING',1,1,NULL),(59,'After War Gundam X','X',4,1,NULL),(60,'Mobile Suit Gundam: Cross Dimension 0079',NULL,12,7,16),(61,'Gundam Build Fighters Try','TRY',5,1,40),(62,'Mobile Suit Gundam Narrative','NARRATIVE',12,3,37),(63,'Mobile Suit Gundam (Novel)',NULL,12,4,16),(64,'Gundam Evolve: 04 – RX-78 GP03 Dendrobium',NULL,NULL,NULL,NULL),(65,'Mobile Suit Crossbone Gundam','CROSSBONE',12,5,NULL),(66,'Mobile Suit Gundam Wing Endless Waltz: Glory of the Losers',NULL,1,5,58),(67,'Mobile Suit Gundam Thunderbolt','THUNDERBOLT',12,5,NULL),(68,'∀ Gundam','∀',6,1,NULL),(69,'Mobile Suit Gundam Unicorn MSV','UNICORN MSV',12,6,37),(70,'Mobile Suit Gundam SEED Desiny Remastered',NULL,NULL,NULL,NULL),(71,'Mobile Suit Gundam SEED Destiny Astray B','DESTINY ASTRAY B',7,4,10),(72,'Mobile Suit Gundam MS IGLOO 2: The Gravity Front','IGLOO 2',12,2,75),(73,'Mobile Suit Gundam SEED Frame Astrays',NULL,7,4,9),(74,'Mobile Suit Gundam F91','F91',12,3,NULL),(75,'Mobile Suit Gundam MS IGLOO','IGLOO',12,2,NULL),(76,'Gundam Build Divers','DIVERS',5,1,NULL),(77,'Mobile Suit Gundam UC: One of Seventy Two',NULL,12,4,37),(78,'Advance of Zeta: The Flag of Titans',NULL,12,4,22),(79,'Mobile Suit Gundam SEED ASTRAY Princess of the Sky',NULL,7,5,9),(80,'Gundam Build Divers GBWC',NULL,5,4,76),(81,'Mobile Suit Gundam SEED Astray','ASTRAY',7,5,9),(82,'Mobile Suit Gundam Side Story 0079: Rise From The Ashes',NULL,12,7,NULL),(83,'Gundam Legacy',NULL,12,4,NULL),(84,'MSV-R','MSV-R',12,6,NULL),(85,'Mobile Suit Gundam Unicorn RE:0096',NULL,12,1,37),(86,'Char\'s Counterattack Mobile Suit Variations',NULL,12,6,26),(87,'Mobile Suit Gundam UC Perfectibility',NULL,12,8,37),(88,'Mobile Suit Gundam 0083: Hero of Stardust',NULL,12,5,NULL),(89,'Gundam Evolve',NULL,NULL,8,NULL),(90,'CCA-MSV',NULL,NULL,NULL,NULL),(91,'If I\'m With You',NULL,12,5,59),(92,'Mobile Suit Gundam AGE -UNKNOWN SOLDIERS-',NULL,NULL,NULL,NULL),(93,'Z-MSV',NULL,NULL,NULL,NULL),(94,'Gundam F91 Mobile Suit Variations','F91 MSV',12,6,74),(95,'Mobile Suit Crossbone Gundam: Ghost',NULL,NULL,NULL,NULL),(96,'Mobile Suit Gundam: Bonds of the Battlefield',NULL,NULL,NULL,NULL),(97,'Mobile Suit Gundam SEED Destiny Astray','DESTINY ASTRAY',7,5,10);
/*!40000 ALTER TABLE `serie` ENABLE KEYS */;
UNLOCK TABLES;

--
-- Table structure for table `serie_type`
--

DROP TABLE IF EXISTS `serie_type`;
/*!40101 SET @saved_cs_client     = @@character_set_client */;
/*!40101 SET character_set_client = utf8 */;
CREATE TABLE `serie_type` (
  `id` int(11) NOT NULL AUTO_INCREMENT,
  `name` varchar(255) COLLATE utf8mb4_unicode_ci NOT NULL,
  PRIMARY KEY (`id`)
) ENGINE=InnoDB AUTO_INCREMENT=9 DEFAULT CHARSET=utf8mb4 COLLATE=utf8mb4_unicode_ci;
/*!40101 SET character_set_client = @saved_cs_client */;

--
-- Dumping data for table `serie_type`
--

LOCK TABLES `serie_type` WRITE;
/*!40000 ALTER TABLE `serie_type` DISABLE KEYS */;
INSERT INTO `serie_type` VALUES (1,'Anime'),(2,'OVA'),(3,'Movie'),(4,'Novel'),(5,'Manga'),(6,'Variation'),(7,'Game'),(8,'Short Movie');
/*!40000 ALTER TABLE `serie_type` ENABLE KEYS */;
UNLOCK TABLES;

--
-- Table structure for table `tag`
--

DROP TABLE IF EXISTS `tag`;
/*!40101 SET @saved_cs_client     = @@character_set_client */;
/*!40101 SET character_set_client = utf8 */;
CREATE TABLE `tag` (
  `id` int(11) NOT NULL AUTO_INCREMENT,
  `category_id` int(11) NOT NULL,
  `name` varchar(100) COLLATE utf8mb4_unicode_ci NOT NULL,
  PRIMARY KEY (`id`),
  KEY `IDX_389B78312469DE2` (`category_id`),
  CONSTRAINT `FK_389B78312469DE2` FOREIGN KEY (`category_id`) REFERENCES `category_tag` (`id`)
) ENGINE=InnoDB AUTO_INCREMENT=41 DEFAULT CHARSET=utf8mb4 COLLATE=utf8mb4_unicode_ci;
/*!40101 SET character_set_client = @saved_cs_client */;

--
-- Dumping data for table `tag`
--

LOCK TABLES `tag` WRITE;
/*!40000 ALTER TABLE `tag` DISABLE KEYS */;
INSERT INTO `tag` VALUES (21,19,'Premium Bandai'),(22,18,'Clear Color'),(23,20,'Partie(s) Optionnelle(s)'),(24,15,'Éclairage LED'),(25,17,'Épée'),(26,17,'Sabre Laser'),(27,17,'Masse'),(28,17,'Fusil Laser'),(29,17,'Backpack'),(30,17,'Bouclier');
/*!40000 ALTER TABLE `tag` ENABLE KEYS */;
UNLOCK TABLES;

--
-- Table structure for table `unit`
--

DROP TABLE IF EXISTS `unit`;
/*!40101 SET @saved_cs_client     = @@character_set_client */;
/*!40101 SET character_set_client = utf8 */;
CREATE TABLE `unit` (
  `id` int(11) NOT NULL AUTO_INCREMENT,
  `name` varchar(255) COLLATE utf8mb4_unicode_ci NOT NULL,
  `description` longtext COLLATE utf8mb4_unicode_ci DEFAULT NULL,
  PRIMARY KEY (`id`)
) ENGINE=InnoDB AUTO_INCREMENT=492 DEFAULT CHARSET=utf8mb4 COLLATE=utf8mb4_unicode_ci;
/*!40101 SET character_set_client = @saved_cs_client */;

--
-- Dumping data for table `unit`
--

LOCK TABLES `unit` WRITE;
/*!40000 ALTER TABLE `unit` DISABLE KEYS */;
INSERT INTO `unit` VALUES (5,'Gundam Exia',NULL),(6,'ASW-G-08 Gundam Barbatos',NULL),(20,'MS-06S Zaku II',NULL),(21,'RX-78-2 Gundam',NULL),(22,'Gundam RX-78-2',NULL),(23,'MS-06F',NULL),(24,'MSZ-006 Zeta Gundam',NULL),(25,'Gundam GP01Fb',NULL),(26,'Gundam RX-78 GP02A',NULL),(27,'GF13-001NHII Hyper Mode Master Gundam',NULL),(28,'GF13-017NJII Hyper Mode G Gundam',NULL),(29,'MS-07B Gouf',NULL),(30,'MS-09 Dom',NULL),(31,'MS-14S Gelgoog',NULL),(32,'ZGMF-X10A Freedom Gundam',NULL),(33,'ZGMF-X20A Strike Freedom Gundam',NULL),(34,'MSN-04 Sazabi',NULL),(35,'MSZ-006-3 Zeta Gundam',NULL),(36,'RX-78-2 Gundam Ver.One Year War 0079',NULL),(37,'ZGMF-X42S Destiny Gundam',NULL),(38,'RX-178 Gundam Mk-II (A.E.U.G.) Ver.2.0',NULL),(39,'RX-178 Gundam Mk-II (Titans) Ver.2.0',NULL),(40,'RX-93 ν Gundam',NULL),(41,'GAT-X105 Aile Strike Gundam',NULL),(42,'GN-001 Gundam Exia',NULL),(43,'LM312V04/06 Victory Gundam \"Ver.Ka',NULL),(44,'MS-06J Zaku II Ver.2.0',NULL),(45,'MS-06S Zaku II (Char Aznable Custom) Ver.2.0',NULL),(46,'MS-07B Gouf Ver.2.0',NULL),(47,'MS-14S Gelgoog (Char Aznable Custom) Ver.2.0',NULL),(48,'MSM-04 Acguy',NULL),(49,'MSM-07S Z\'Gok (Char Aznable Custom)',NULL),(50,'MSN-00100 Hyaku-Shiki',NULL),(51,'MSZ-006 Zeta Gundam Ver.2.0',NULL),(52,'MSZ-010 ΖΖ Gundam',NULL),(53,'RGM-79 GM Ver.2.0',NULL),(54,'RX-0 Unicorn Gundam \"Ver.Ka',NULL),(55,'RX-77-2 Guncannon',NULL),(56,'RX-78-2 Gundam Ver.2.0',NULL),(57,'Shin Musha Gundam Sengoku no Jin',NULL),(58,'XXXG-00W0 Wing Gundam Zero',NULL),(59,'ZGMF-X19A ∞ Justice Gundam',NULL),(60,'ZGMF-X56S/α Force Impulse Gundam',NULL),(61,'GAT-X105E Strike Noir Gundam',NULL),(62,'GF13-017NJII G Gundam',NULL),(63,'GN-001 Gundam Exia (Trans-Am Mode)',NULL),(64,'Gundam RX-79[G]',NULL),(65,'MBF-P02Kai Gundam Astray Red Frame',NULL),(66,'MS-07B-3 Gouf Custom',NULL),(67,'MS-18E Kämpfer',NULL),(68,'MSN-06S Sinanju \"Ver.Ka',NULL),(69,'RB-79 Mobile Pod Ball \"Ver.Ka',NULL),(70,'RX-0 Unicorn Gundam',NULL),(71,'RX-75-4 Guntank',NULL),(72,'RX-93-ν2 Hi-ν Gundam',NULL),(73,'XM-X1 Crossbone Gundam X-1 Full Cloth',NULL),(74,'YMS-15 Gyan',NULL),(75,'RX-0 Unicorn Gundam 02 Banshee',NULL),(76,'RX-93 ν Gundam \"Ver.Ka',NULL),(77,'GAT-X105B/FP Build Strike Gundam Full Package',NULL),(78,'GN-0000+GNR-010/XN 00 XN Raiser',NULL),(79,'RX-78-02 Gundam The Origin',NULL),(80,'ZGMF-X10A Freedom Gundam Ver.2.0',NULL),(81,'ZGMF-X13A Providence Gundam',NULL),(82,'GN-0000GNHW/7SG 00 Gundam Seven Sword/G (Trans-Am Mode)',NULL),(83,'GN-001/hs-A01D Gundam Avalanche Exia\'',NULL),(84,'GNT-0000 00 Qan[T] (Trans-Am Mode)',NULL),(85,'MBF-02VV Gundam Astray Turn Red',NULL),(86,'Shin Musha Gundam',NULL),(87,'RX-178 Gundam Mk-II (A.E.U.G.)',NULL),(88,'ZGMF-1017 Mobile Ginn',NULL),(89,'GF13-021NG Gundam Spiegel',NULL),(90,'GF13-017NJ Shining Gundam',NULL),(91,'GN-002 Gundam Dynames',NULL),(92,'FXA-05D/RX-178 Super Gundam',NULL),(93,'GAT-X207 Blitz Gundam',NULL),(94,'MSZ-006A1 Zeta plus',NULL),(95,'XXXG-01SR Gundam Sandrock EW',NULL),(96,'MS-14A Gelgoog Ver.2.0',NULL),(97,'MS-07A Gouf',NULL),(98,'RMS-179 GM II',NULL),(99,'RX-78-1 Prototype Gundam Ver.1.5',NULL),(100,'Gundam AGE-2 Normal',NULL),(101,'MSA-0011[Ext] Ex-S Gundam',NULL),(102,'MSA-0011[Bst] Plan303E Deep Striker',NULL),(103,'MSA-003 Nemo',NULL),(104,'RGM-89 Jegan',NULL),(105,'MS-14G Gelgoog Ground Type',NULL),(106,'GF13-001NHII Master Gundam',NULL),(107,'FA-010S Full Armor ZZ Gundam',NULL),(108,'P-Type',NULL),(109,'MS-05B Zaku I (Ramba Ral Custom)',NULL),(110,'Gundam GP01',NULL),(111,'RB-79K Ball',NULL),(112,'RX-78-4 Gundam G04',NULL),(113,'JMF1336R Rising Gundam',NULL),(114,'RGZ-95C ReZEL Type C [Defenser B-Unit] [GR]',NULL),(115,'Gundam AGE-1 Spallow',NULL),(116,'FA-010A FAZZ \"Ver.Ka',NULL),(117,'Musha Gundam Mk-II',NULL),(118,'H-Type',NULL),(119,'Gundam GP03S',NULL),(120,'RX-178 Gundam Mk-II (Titans)',NULL),(121,'Gundam RX-78-2 Ver.1.5',NULL),(122,'MS-05B Zaku I',NULL),(123,'GF13-050NSW Nobel Gundam',NULL),(124,'MS-06M Zaku Marine Type Ver.2.0',NULL),(125,'RMS-099 Rick Dias (Quattro Vageena Custom)',NULL),(126,'FA-178 Full Armor Gundam Mk-II',NULL),(127,'PF-78-1 Perfect Gundam',NULL),(128,'MS-06FZ Zaku II FZ',NULL),(129,'GNX-803T GN-XIV',NULL),(130,'ZGMF-X09A Justice Gundam',NULL),(131,'MS-14A Gelgoog (Anavel Gato Custom)',NULL),(132,'MSA-0011 S-Gundam',NULL),(133,'MS-08TX［EXAM］Efreet Custom',NULL),(134,'XXXG-01W Wing Gundam \"Ver.Ka',NULL),(135,'ZGMF-X56S/β Sword Impulse Gundam',NULL),(136,'GX-9900 Gundam X',NULL),(137,'MS-06R-1A Zaku II (Black Tri-Stars)',NULL),(138,'MS-06F-2 Zaku II F2 (Zeon)',NULL),(139,'MSM-07 Z\'Gok',NULL),(140,'GAT-X103 Buster Gundam',NULL),(141,'Gundam RX-78-3',NULL),(142,'MS-06D Zaku Desert Type Ver.2.0',NULL),(143,'RMS-099 Rick Dias',NULL),(144,'RGM-79N GM Custom',NULL),(145,'Gundam AGE-2 Dark Hound',NULL),(146,'MS-06R-1A Zaku II High Mobility Type',NULL),(147,'MS-06K Zakucannon',NULL),(148,'RX-78XX Gundam Pixy',NULL),(149,'GNT-0000/FS 00 Qan[T] Full Saber',NULL),(150,'Gundam AGE-2 Double Bullet',NULL),(151,'RX-78-6 Mudrock Gundam',NULL),(152,'LM314V21 Victory Two Gundam \"Ver.Ka',NULL),(153,'PMX-003 The-O',NULL),(154,'LM312V04(B-part)+SD-VB03A Core Booster \"Ver.Ka',NULL),(155,'PF-78-3A Gundam Amazing Red Warrior',NULL),(156,'GN-0000GNHW/7SG 00 Gundam Seven Sword/G',NULL),(157,'RGM-79G GM Command',NULL),(158,'RGM-79 GM',NULL),(159,'MS-09G Dwadge',NULL),(160,'AMX-004G Qubeley Mass Production Type',NULL),(161,'GF13-011NC Dragon Gundam',NULL),(162,'MSN-06S-2 Sinanju Stein (Narrative Ver.)',NULL),(163,'PPGN-001 Gundam Exia Dark Matter',NULL),(164,'F90 Gundam F90',NULL),(165,'MS-06J Zaku II Ground Type',NULL),(166,'RGM-79C GM Type C',NULL),(167,'GAT-X303 Aegis Gundam',NULL),(168,'AMX-004 Qubeley',NULL),(169,'AMS-119 Geara Doga',NULL),(170,'MS-09RS Rick-Dom (Char Custom)',NULL),(171,'MSN-02 Zeong',NULL),(172,'GX-9901-DX Gundam Double X',NULL),(173,'RX-78NT-1 Gundam NT-1 Ver.2.0',NULL),(174,'GNX-604T Advanced GN-X',NULL),(175,'MS-06R-2 Zaku II (Johnny Ridden Custom) Ver.2.0',NULL),(176,'MS-06R-1 Zaku II (Shin Matsunaga Custom)',NULL),(177,'XXXG-00W0 Wing Gundam Zero EW \"Ver.Ka',NULL),(178,'MSZ-010 ZZ Gundam \"Ver.Ka',NULL),(179,'RX-77D Guncannon Mass Production Type',NULL),(180,'RX-0 Full Armor Unicorn Gundam \"Ver.Ka',NULL),(181,'XXXG-01S Shenlong Gundam EW',NULL),(182,'MS-09R-2 Rick Dom II',NULL),(183,'XXXG-01W Wing Gundam',NULL),(184,'MSM-03 Gogg',NULL),(185,'MSN-04 Sazabi \"Ver.Ka',NULL),(186,'GN-0000+GNR-010 00 Raiser',NULL),(187,'MS-06F-2 Zaku II F2 (E.F.S.F)',NULL),(188,'GNX-603T GN-X',NULL),(189,'RMS-106 Hi-Zack',NULL),(190,'RGM-79 GM Ver.1.5',NULL),(191,'RMS-108 Marasai',NULL),(192,'AGE-3 Gundam AGE-3 Normal',NULL),(193,'AMX-004-2 Qubeley Mk-II (Elpeo Ple Custom)',NULL),(194,'GAT-X105 Aile Strike Gundam Ver.RM',NULL),(195,'MBF-02 Strike Rouge',NULL),(196,'MSR-00100 Hyaku Shiki Kai',NULL),(197,'MS-09R Rick-Dom',NULL),(198,'MS-09H Dwadge Custom',NULL),(199,'侍ノ弐 Sengoku Astray Gundam',NULL),(200,'OZ-13MS Gundam Epyon EW',NULL),(201,'RGZ-95 ReZEL',NULL),(202,'RGM-79SP GM Sniper II',NULL),(203,'MSN-04II Nightingale',NULL),(204,'RX-78GP04G Gundam GP04G',NULL),(205,'RX-79BD-1 Blue Destiny Unit 1',NULL),(206,'UB-01 Universe Booster',NULL),(207,'ZGMF-1000/A1 Gunner ZAKU Warrior (Lunamaria Hawke Custom)',NULL),(208,'XM-X1 Crossbone Gundam X1 \"Ver.Ka',NULL),(209,'XXXG-00W0 Wing Gundam Proto Zero EW',NULL),(210,'GF13-001NH Kowloon Gundam',NULL),(211,'MS-06R Zaku II High Mobility Type \"Psycho Zaku\" [Gundam Thunderbolt] \"Ver.Ka',NULL),(212,'RGM-79[G] GM Sniper',NULL),(213,'Gundam RX-78 NT-1',NULL),(214,'RX-78-2 Gundam Ver.Ka',NULL),(215,'MS-14Jg Gelgoog Jäger',NULL),(216,'FA-010-A FAZZ',NULL),(217,'Gundam AGE-1 Normal',NULL),(218,'GF13-006NA Gundam Maxter',NULL),(219,'WD-M01 ∀ Gundam',NULL),(220,'XXXG-01D Gundam Deathscythe EW',NULL),(221,'MSN-06S Sinanju Stein \"Ver.Ka',NULL),(222,'MBF-02+EW454F Strike Rouge + Ootori Ver.RM',NULL),(223,'RGM-79C GM Type C (Earth Type)',NULL),(224,'MS-06R-1A Zaku II (Black Tri-Stars) Ver.2.0',NULL),(225,'MBF-P03D Gundam Astray Blue Frame D',NULL),(226,'MS-14A Gelgoog',NULL),(227,'MSN-00100 Hyaku-Shiki + Ballute Pack',NULL),(228,'RGZ-91 Re-GZ',NULL),(229,'MS-08TX Efreet',NULL),(230,'RGC-80 GM Cannon',NULL),(231,'MS-09R Rick Dom',NULL),(232,'RGM-86R GM III',NULL),(233,'F91 Gundam F91 (Harrison Madin Custom)',NULL),(234,'RGM-79SC GM Sniper Custom',NULL),(235,'MS-06F2 Zaku II F2',NULL),(236,'MSN-02 Perfect Zeong',NULL),(237,'MS-06F Zaku Minelayer',NULL),(238,'MS-06J Zaku II \"White Ogre',NULL),(239,'Gundam Ez8',NULL),(240,'RX-78-3 Gundam Ver.2.0',NULL),(241,'G Fighter',NULL),(242,'Launcher',NULL),(243,'MS-06R-2 Johnny Ridden\'s Zaku High Mobility',NULL),(244,'RGM-79 Powered GM',NULL),(245,'FA-78 Full Armor Gundam [Gundam Thunderbolt] \"Ver.Ka',NULL),(246,'RGM-79[G] GM',NULL),(247,'FA-78-1 Full Armor Gundam Ver.Ka',NULL),(248,'GNT-0000 00 Qan[T]',NULL),(249,'MSN-06S Sinanju (OVA Ver.)',NULL),(250,'MS-06E Zaku Reconnaissance Type',NULL),(251,'XXXG-01Wfr Gundam Fenice Rinascita',NULL),(252,'MSN-001A1 Delta Plus',NULL),(253,'RX-178B Build Gundam Mk-II',NULL),(254,'MBF-P03R Gundam Astray Blue Frame Second Revise',NULL),(255,'A-Type',NULL),(256,'MS-14B/C Gelgoog Cannon (J. Ridden Custom)',NULL),(257,'V-Type',NULL),(258,'GAT-X105 Strike Gundam + I.W.S.P.',NULL),(259,'MS-06F Zaku II Ver.2.0',NULL),(260,'RGM-79F Desert GM',NULL),(261,'F91 Gundam F91',NULL),(262,'RX-78-1 Gundam Ver.One Year War 0079',NULL),(263,'RGZ-95C ReZEL Commander Type',NULL),(264,'MS-21C Dra-C',NULL),(265,'AMX-004-3 Qubeley Mk-II',NULL),(266,'XXXG-01D2 Gundam Deathscythe Hell',NULL),(267,'MSZ-006C1 Ζeta plus C1',NULL),(268,'Gundam AGE-1 Titus',NULL),(269,'RB-79 Ball (Shark Mouth)',NULL),(270,'RX-0 Unicorn Gundam (OVA Ver.)',NULL),(271,'RX-78-5 Gundam G05',NULL),(272,'LM312V04+SD-VB03A V-Dash Gundam \"Ver.Ka',NULL),(273,'GN-005 Gundam Virtue',NULL),(274,'RGM-79Q GM Quel',NULL),(275,'MSN-00100 Hyaku-Shiki Ver.2.0',NULL),(276,'MS-06R-1A Zaku II (Shin Matsunaga Custom) Ver.2.0',NULL),(277,'MS-06R-2 Zaku II (J. Ridden Custom)',NULL),(278,'RGM-79G GM Command (Colony Type)',NULL),(279,'RX-78-2 Gundam Ver.3.0',NULL),(280,'RX-0 Unicorn Gundam 02 Banshee \"Ver.Ka',NULL),(281,'MS-14J ReGelgu',NULL),(282,'RGC-83 GM Cannon II',NULL),(283,'Gundam RX-78/C.A.',NULL),(284,'FA-78-1 Full Armor Gundam',NULL),(285,'RGM-79 GM Ver.One Year War 0079',NULL),(286,'RX-93-ν2 Hi-ν Gundam \"Ver.Ka',NULL),(287,'MS-07H-8 Gouf Flight Type',NULL),(288,'MS-14S Gelgoog (C. Aznable Custom)',NULL),(289,'RGC-80 GM Cannon Ver.One Year War 0079',NULL),(290,'MS-06V Zaku Tank',NULL),(291,'MS-05B Zaku I (Black Tri-Stars)',NULL),(292,'OZ-00MS Tallgeese EW',NULL),(293,'AGE-IIMG Gundam AGEII Magnum',NULL),(294,'RGM-96X Jesta',NULL),(295,'RX-78-1 Prototype Gundam',NULL),(296,'G-Armor Realtype Color',NULL),(297,'CONCEPT-X 6-1-2 Turn X',NULL),(298,'MSN-02R Zeong High Mobility Type',NULL),(299,'AGE-FX Gundam AGE-FX',NULL),(300,'GAT-X102 Duel Gundam Assault Shroud',NULL),(301,'RGM-79C GM Type C (Space Type)',NULL),(302,'GN-003 Gundam Kyrios',NULL),(303,'GAT-X105E Lukas\'s Strike E + I.W.S.P.',NULL),(304,'Ovv-f Gafran',NULL),(305,'XXXG-01H Gundam Heavyarms EW',NULL),(306,'F91 Gundam F91 Ver.2.0',NULL),(307,'RX-0 Unicorn Gundam 03 Phenex',NULL),(308,'XXXG-01W Wing Gundam EW',NULL),(309,'AMS-119C Full Frontal\'s Geara Doga',NULL),(310,'RX-121-2A Gundam TR-1 [Advanced Hazel]',NULL),(311,'AQM/E-X03 Launcher Striker',NULL),(312,'MS-06S Zaku II Ver.2.0',NULL),(313,'MSM-07S Z\'Gok',NULL),(314,'Gundam AGE-2 SPver.',NULL),(315,'Impulse Gundam Blanche',NULL),(316,'GN-001REII Gundam Exia Repair II',NULL),(317,'MS-06R-1A Zaku II (Eric Manthfield Custom)',NULL),(318,'MSZ-006 Z Gundam Head',NULL),(319,'MS-06LS Zaku II Ver.LUNA SEA',NULL),(320,'RB-79 Ball',NULL),(321,'RX-78TB-2[SB] Gundam Stormbringer',NULL),(322,'RX-78TB-2[SB] Gundam Stormbringer F.A. (Fatal Ash)',NULL),(323,'MSZ-010 ΖΖ Gundam Head',NULL),(324,'MS-06R-1 Zaku II Ver.2.0 (A Baoa Qu Guards Ver.)',NULL),(325,'MBF-P01 Gundam Astray Gold Frame',NULL),(326,'MS-06R Zaku II High Mobility Type \"Psycho Zaku\" [Gundam Thunderbolt]',NULL),(327,'MS-14C-1A Gelgoog Cannon (MSV Color)',NULL),(328,'F91 Gundam F91 Ver.2.0 (Harrison Madin Custom)',NULL),(329,'Mission Pack',NULL),(330,'MS-06FS Zaku II (Garma Zabi Custom)',NULL),(331,'RX-0[N] Unicorn Gundam 02 Banshee Norn (Final Battle Ver.)',NULL),(332,'Gundam RX-78 (Casval Custom)',NULL),(333,'RGM-79SP GM Sniper II (White Dingo Team Custom)',NULL),(334,'RGM-79SP Lydo Wolf\'s GM Sniper II',NULL),(335,'OZ-00MS2 Tallgeese II',NULL),(336,'∀ Gundam',NULL),(337,'MS-06R-1A Zaku II (Uma Lightning\'s Custom)',NULL),(338,'RGM-79GS GM Command Space',NULL),(339,'AMS-119 Geara Doga (Unicorn Ver.)',NULL),(340,'ZGMF-X42S-REVOLUTION Destiny Gundam (Heine Westenfluss Custom)',NULL),(341,'MBF-P02 Gundam Astray Red Frame Flight Unit',NULL),(342,'RX-0 Unicorn Gundam 02 Banshee \"Ver.Ka\" (Final Battle Ver.)',NULL),(343,'XXXG-01Wfr/A Gundam Fenice Rinascita Alba',NULL),(344,'Justice Gundam',NULL),(345,'ZGMF-1001/K Slash ZAKU Phantom (Yzak Jule Custom)',NULL),(346,'XXXG-01H Gundam Heavyarms EW (IGEL Armament)',NULL),(347,'MS-14B Uma Lightning\'s Gelgoog High Mobility Type',NULL),(348,'Musha Gundam Mk. II (Tokugawa Ieyasu Ver.)',NULL),(349,'RGM-79SC Tenneth A. Jung\'s GM Sniper Custom',NULL),(350,'RX-178+FXA-05D Super Gundam',NULL),(351,'MSZ-006A1 Zeta plus (Unicorn Ver.)',NULL),(352,'RGM-79DO GM Dominance',NULL),(353,'MS-06R-1A Shin Matsunaga\'s Zaku II (Custom Type)',NULL),(354,'MS-06R-1A Zaku II (Anavel Gato Custom)',NULL),(355,'RGC-80 GM Cannon [Red Head] (Jaburo Defense Team Custom)',NULL),(356,'MS-06F-2 Zaku II F2 (Kimberlite Base Type)',NULL),(357,'RX-93 ν Gundam Head',NULL),(358,'RGZ-91B Re-GZ Custom',NULL),(359,'XM-X2ex Crossbone Gundam X2 Custom \"Ver.Ka',NULL),(360,'MS-06S Zaku II (Char Aznable Custom)',NULL),(361,'ZGMF-X56S/γ Blast Impulse Gundam',NULL),(362,'RGM-96X Jesta Cannon',NULL),(363,'Unicorn Gundam Perfectibility',NULL),(364,'Sazabi Ver.Ka',NULL),(365,'RGM-96Xs Jesta (Shezarr Type, Team B & C)',NULL),(366,'Sinanju',NULL),(367,'MS-06R-1 Breniss Ox\'s Zaku II',NULL),(368,'XXXG-01SR Gundam Sandrock EW (Armadillo Unit)',NULL),(369,'MS-06F-2 Zaku II F2',NULL),(370,'G Gundam',NULL),(371,'MS-14A Anavel Gato\'s Gelgoog Ver.2.0',NULL),(372,'Ballute Pack',NULL),(373,'XM-X3 Crossbone Gundam X3 \"Ver.Ka',NULL),(374,'MSZ-006-P2/3C Zeta Gundam III P2 Type Red Zeta',NULL),(375,'MS-06S Zaku II (J. Ridden\'s Custom)',NULL),(376,'MBF-P0X Gundam Astray Noir',NULL),(377,'FA-93-ν2HWS Hi-ν Gundam H.W.S. \"Ver.Ka',NULL),(378,'OZ-00MS2B Tallgeese III',NULL),(379,'Gundam Astray Blue Frame D',NULL),(380,'Perfect Strike Gundam',NULL),(381,'XXXG-01H2 Gundam Heavyarms Custom EW',NULL),(382,'MS-06S Zaku II (Char Aznable Custom) Ver.2.0 Realtype Color',NULL),(383,'AMX-004DMD Qubeley Damned',NULL),(384,'RX-121-1 Gundam TR-1 [Hazel Custom] (Combat Deployment Colors)',NULL),(385,'Crossbone Gundam X1 Full Cloth',NULL),(386,'FF-X7 Core Fighter',NULL),(387,'RX-78-3 G-3 Gundam Ver.One Year War 0079',NULL),(388,'MS-09 Dom (Ramba Ral Custom)',NULL),(389,'Freedom Gundam Ver.2.0',NULL),(390,'RX-0 Full Armor Unicorn Gundam',NULL),(391,'FF-X29A G-Parts [Hrududu] (Combat Deployment Colors)',NULL),(392,'MBF-P02 Gundam Astray Red Dragon',NULL),(393,'RX-0 Unicorn Gundam 03 Phenex (Narrative Ver.)',NULL),(394,'ZGMF-1001/M Blaze ZAKU Phantom',NULL),(395,'MSA-003 Nemo (Unicorn Desert Color Ver.)',NULL),(396,'Victory Two Assault Buster Gundam \"Ver.Ka',NULL),(397,'FA-93HWS ν Gundam HWS \"Ver.Ka',NULL),(398,'RX-78-2 Gundam Ver.1.5',NULL),(399,'MS-14 Gelgoog (Anavel Gato Custom)',NULL),(400,'Victory Two Gundam \"Ver.Ka',NULL),(401,'MS-06F-2 Neuen Bitter\'s Zaku II F2',NULL),(402,'MS-06R-1A Masaya Nakagawa\'s Zaku II',NULL),(403,'ν Gundam \"Ver.Ka',NULL),(404,'RX-0 Full Armor Unicorn Gundam [Red Color Ver.]',NULL),(405,'GNX-609T GN-XIII (ESF Colors)',NULL),(406,'RX-121-1 Gundam TR-1 [Hazel Custom]',NULL),(407,'MS-06F Zaku II (Dozle Zabi Custom)',NULL),(408,'RX-121-2 Gundam TR-1 [Hazel Owsla]',NULL),(409,'ZGMF-X56S Impulse Gundam',NULL),(410,'Gundam Barbatos',NULL),(411,'GX-9900 Gundam X Unit 3',NULL),(412,'Gundam F91 Ver.2.0',NULL),(413,'XXXG-01S2 Altron Gundam EW',NULL),(414,'MSZ-006-3B Zeta Gundam III B Type Gray Zeta',NULL),(415,'GN-0000GNHW/7SGD2 00 Gundam Seven Sword/G Inspection',NULL),(416,'MS-06J Zaku II',NULL),(417,'MS-09RS Rick Dom (Casval Custom)',NULL),(418,'XM-X2 Crossbone Gundam X2 \"Ver.Ka',NULL),(419,'Hyaku-Shiki Raise Cain',NULL),(420,'F90II-I Gundam F90II I-Type',NULL),(421,'RX-78-2 Gundam Realtype Color',NULL),(422,'MSM-07 Z\'Gok (Unicorn Ver.)',NULL),(423,'ORX-013 Gundam Mk-V',NULL),(424,'Qubeley Embellir',NULL),(425,'FHA-03M1 Mega Bazooka Launcher',NULL),(426,'RGC-80 GM Cannon (North America Front)',NULL),(427,'Aile Strike Gundam Ver.RM',NULL),(428,'WD-M01 ∀ Gundam (Moonlight Butterfly Ver.)',NULL),(429,'MS-09R Rick Dom (Dozle Zabi Custom)',NULL),(430,'XXXG-01S Shenlong Gundam EW Liaoya',NULL),(431,'MS-06R-2 Robert Gilliam\'s Zaku II',NULL),(432,'MSZ-010S Enhanced ZZ Gundam \"Ver.Ka',NULL),(433,'FA-78-2 Heavy Gundam',NULL),(434,'MS-06S Zaku II (Black Tri-Stars Custom)',NULL),(435,'ZGMF-X56S/ι Destiny Impulse Gundam R',NULL),(436,'RGM-89D Jegan D Type',NULL),(437,'YMS-07 Prototype Gouf',NULL),(438,'MBF-P02 Gundam Astray Red Frame',NULL),(439,'LM314V23/24 Victory Two Assault Buster Gundam \"Ver.Ka',NULL),(440,'RMS-179 GM II (A.E.U.G. Color Ver.)',NULL),(441,'XXXG-01D Gundam Deathscythe EW (Roussette Unit)',NULL),(442,'RX-0[N] Unicorn Gundam 02 Banshee Norn',NULL),(443,'Trans-Am Raiser',NULL),(444,'Providence Gundam',NULL),(445,'RX-178 Gundam Mk-II Head',NULL),(446,'MS-07B Gouf (M\'Quve Custom)',NULL),(447,'AMS-119 Geara Doga (Rezin Schnyder\'s Use)',NULL),(448,'GNX-609T GN-XIII A-Laws Type',NULL),(449,'Gundam AGE-1F/2',NULL),(450,'XXXG-01SR2 Gundam Sandrock Custom EW',NULL),(451,'MSR-00100CR Hyaku-Shiki Crash',NULL),(452,'MS-06K Ian Graden\'s Zaku Cannon',NULL),(453,'MSR-00100S M.P.T.Hyakushiki-Kai',NULL),(454,'RX-78/C.A Casval\'s Gundam Ver.3.0',NULL),(455,'Gundam TR-1 [Hazel Custom]',NULL),(456,'GNX-604T Deborah\'s Advanced GN-X',NULL),(457,'ZZ Gundam \"Ver.Ka',NULL),(458,'Gundam Astray Red Frame',NULL),(459,'RGM-79D GM Cold Districts Type',NULL),(460,'GAT-X105B/ST Star Build Strike Gundam (RG System Ver.)',NULL),(461,'RB-79PP Polypodball',NULL),(462,'Emergency Escape Pod [Primrose]',NULL),(463,'MS-06K Zaku Cannon (Unicorn Ver.)',NULL),(464,'RX-121-2 Gundam TR-1 [Hazel II] Early Type',NULL),(465,'F91 Gundam F91 Ver.2.0 Back Cannon Type',NULL),(466,'FF-X29A G-Parts [Hrududu]',NULL),(467,'XM-X0 Crossbone Gundam X0 \"Ver.Ka',NULL),(468,'XXXG-00W0 Wing Gundam Zero EW',NULL),(469,'RMS-179 GM II (Unicorn Ver.)',NULL),(470,'RGM-89D Jegan D Type (First Deployment Type)',NULL),(471,'MSA-0011[Bst] S Gundam Booster Unit Type',NULL),(472,'RGM-79DO Philip Hughs\'s GM Dominance',NULL),(473,'RX-78-2 Gundam Ver.2.0 Realtype Color',NULL),(474,'MS-06R-2 Zaku II (Gabby Hazard Custom)',NULL),(475,'F90-2 Gundam F90 Unit 2',NULL),(476,'RMS-179 GM II Semi-Striker',NULL),(477,'OZ-00MS Tallgeese',NULL),(478,'MSA-003 Nemo (Unicorn Color Ver.)',NULL),(479,'FA-78-1 Full Armor Gundam (Blue Color Ver.)',NULL),(480,'RGX-00 Testament Gundam',NULL),(481,'FA-78 Full Armor Gundam [Gundam Thunderbolt]',NULL),(482,'Sinanju Ver.Ka',NULL),(483,'Full Armor Gundam [Gundam Thunderbolt] \"Ver.Ka',NULL),(484,'RX-78-2 Gundam Head',NULL),(485,'RGM-79 GM (White Dingo Team Custom)',NULL),(486,'PPGN-001 Gundam Amazing Exia',NULL),(487,'RMS-108 Marasai (Unicorn Ver.)',NULL),(488,'Hyaku-Shiki Ver.2.0',NULL),(489,'RGC-80 GM Cannon (White Dingo Team Custom)',NULL),(490,'GN-0000+GNR-010 Trans-Am Raiser',NULL),(491,'MSR-00100S Hyakushiki-Kai',NULL);
/*!40000 ALTER TABLE `unit` ENABLE KEYS */;
UNLOCK TABLES;

--
-- Table structure for table `unit_serie`
--

DROP TABLE IF EXISTS `unit_serie`;
/*!40101 SET @saved_cs_client     = @@character_set_client */;
/*!40101 SET character_set_client = utf8 */;
CREATE TABLE `unit_serie` (
  `unit_id` int(11) NOT NULL,
  `serie_id` int(11) NOT NULL,
  PRIMARY KEY (`unit_id`,`serie_id`),
  KEY `IDX_2108ED3FF8BD700D` (`unit_id`),
  KEY `IDX_2108ED3FD94388BD` (`serie_id`),
  CONSTRAINT `FK_2108ED3FD94388BD` FOREIGN KEY (`serie_id`) REFERENCES `serie` (`id`) ON DELETE CASCADE,
  CONSTRAINT `FK_2108ED3FF8BD700D` FOREIGN KEY (`unit_id`) REFERENCES `unit` (`id`) ON DELETE CASCADE
) ENGINE=InnoDB DEFAULT CHARSET=utf8mb4 COLLATE=utf8mb4_unicode_ci;
/*!40101 SET character_set_client = @saved_cs_client */;

--
-- Dumping data for table `unit_serie`
--

LOCK TABLES `unit_serie` WRITE;
/*!40000 ALTER TABLE `unit_serie` DISABLE KEYS */;
INSERT INTO `unit_serie` VALUES (5,8),(6,11),(20,16),(21,16),(22,16),(23,16),(24,22),(25,23),(26,23),(27,24),(28,24),(29,25),(30,25),(31,25),(32,9),(33,10),(34,26),(35,27),(36,25),(37,10),(38,22),(39,22),(40,26),(41,9),(42,8),(43,28),(44,16),(45,16),(46,16),(47,16),(48,16),(49,16),(50,22),(51,22),(52,29),(53,16),(54,30),(55,16),(56,16),(57,31),(58,32),(59,10),(60,10),(61,33),(62,24),(63,8),(64,34),(65,35),(66,34),(67,36),(68,30),(69,16),(70,37),(71,16),(72,38),(73,39),(74,16),(75,37),(76,26),(77,40),(78,41),(79,42),(80,9),(81,9),(82,43),(83,43),(84,44),(85,45),(86,31),(87,22),(88,9),(89,24),(90,24),(91,8),(92,22),(93,9),(94,46),(95,47),(96,16),(97,48),(98,22),(99,49),(100,50),(101,46),(102,46),(103,22),(104,26),(105,51),(106,24),(107,29),(108,52),(109,16),(110,23),(111,34),(112,53),(113,24),(114,37),(115,50),(116,46),(117,54),(118,52),(119,23),(120,22),(121,16),(122,16),(123,24),(124,49),(125,22),(126,55),(127,56),(128,36),(129,44),(130,9),(131,23),(132,46),(133,57),(134,58),(135,10),(136,59),(137,49),(138,23),(139,16),(140,9),(141,49),(142,49),(143,22),(144,23),(145,50),(146,49),(147,49),(148,60),(149,43),(150,50),(151,48),(152,28),(153,22),(154,28),(155,61),(156,43),(157,36),(158,16),(159,29),(160,29),(161,24),(162,62),(163,40),(164,52),(165,16),(166,23),(167,9),(168,22),(169,26),(170,63),(171,16),(172,59),(173,36),(174,41),(175,49),(176,49),(177,32),(178,29),(179,36),(180,37),(181,47),(182,36),(183,58),(184,16),(185,26),(186,8),(187,23),(188,8),(189,22),(190,16),(191,22),(192,50),(193,29),(194,9),(195,9),(196,55),(197,16),(198,29),(199,40),(200,47),(201,37),(202,36),(203,38),(204,64),(205,57),(206,40),(207,10),(208,65),(209,66),(210,24),(211,67),(212,34),(213,36),(214,16),(215,36),(216,46),(217,50),(218,24),(219,68),(220,47),(221,69),(222,70),(223,23),(224,49),(225,71),(226,16),(227,22),(228,26),(229,60),(230,49),(231,16),(232,29),(233,65),(234,49),(235,23),(236,56),(237,49),(238,72),(239,34),(240,49),(241,16),(242,9),(243,49),(244,23),(245,67),(246,34),(247,49),(248,44),(249,37),(250,49),(251,40),(252,37),(253,40),(254,35),(255,52),(256,49),(257,52),(258,73),(259,16),(260,51),(261,74),(262,49),(263,37),(264,23),(265,29),(266,32),(267,46),(268,50),(269,75),(270,37),(271,53),(272,28),(273,8),(274,23),(275,22),(276,49),(277,49),(278,36),(279,16),(280,30),(281,29),(282,23),(283,51),(284,49),(285,16),(286,38),(287,34),(288,16),(289,49),(290,49),(291,49),(292,47),(293,76),(294,37),(295,49),(296,49),(297,68),(298,51),(299,50),(300,9),(301,23),(302,8),(303,73),(304,50),(305,47),(306,74),(307,77),(308,47),(309,69),(310,78),(311,9),(312,16),(313,16),(314,50),(315,79),(316,8),(317,49),(318,22),(319,16),(320,16),(321,80),(322,80),(323,29),(324,49),(325,81),(326,67),(327,49),(328,65),(329,39),(330,49),(331,37),(332,51),(333,82),(334,83),(335,58),(336,68),(337,84),(338,36),(339,85),(340,10),(341,45),(342,30),(343,40),(344,9),(345,10),(346,47),(347,49),(348,54),(349,49),(350,22),(351,85),(352,57),(353,49),(354,84),(355,22),(356,23),(357,26),(358,86),(359,65),(360,16),(361,10),(362,37),(363,87),(364,26),(365,62),(366,37),(367,49),(368,47),(369,23),(370,24),(371,88),(372,22),(373,65),(374,89),(375,49),(376,71),(377,38),(378,32),(379,71),(380,9),(381,32),(382,16),(383,80),(384,78),(385,39),(386,16),(387,49),(388,16),(389,9),(390,37),(391,78),(392,45),(393,62),(394,10),(395,37),(396,28),(397,90),(398,16),(399,23),(400,28),(401,23),(402,49),(403,90),(404,37),(405,8),(406,78),(407,49),(408,78),(409,10),(410,11),(411,91),(412,74),(413,32),(414,89),(415,43),(416,72),(417,16),(418,65),(419,80),(420,52),(421,84),(422,37),(423,46),(424,80),(425,22),(426,49),(427,9),(428,68),(429,84),(430,47),(431,49),(432,29),(433,49),(434,49),(435,45),(436,37),(437,49),(438,81),(439,28),(440,22),(441,47),(442,37),(443,8),(444,9),(445,22),(446,49),(447,26),(448,8),(449,92),(450,32),(451,80),(452,49),(453,93),(454,51),(455,78),(456,41),(457,29),(458,45),(459,36),(460,40),(461,80),(462,78),(463,37),(464,78),(465,94),(466,78),(467,95),(468,32),(469,37),(470,69),(471,46),(472,57),(473,49),(474,49),(475,52),(476,37),(477,32),(478,37),(479,96),(480,97),(481,67),(482,30),(483,67),(484,16),(485,82),(486,40),(487,37),(488,22),(489,82),(490,8),(491,93);
/*!40000 ALTER TABLE `unit_serie` ENABLE KEYS */;
UNLOCK TABLES;
/*!40103 SET TIME_ZONE=@OLD_TIME_ZONE */;

/*!40101 SET SQL_MODE=@OLD_SQL_MODE */;
/*!40014 SET FOREIGN_KEY_CHECKS=@OLD_FOREIGN_KEY_CHECKS */;
/*!40014 SET UNIQUE_CHECKS=@OLD_UNIQUE_CHECKS */;
/*!40101 SET CHARACTER_SET_CLIENT=@OLD_CHARACTER_SET_CLIENT */;
/*!40101 SET CHARACTER_SET_RESULTS=@OLD_CHARACTER_SET_RESULTS */;
/*!40101 SET COLLATION_CONNECTION=@OLD_COLLATION_CONNECTION */;
/*!40111 SET SQL_NOTES=@OLD_SQL_NOTES */;

-- Dump completed on 2020-12-30 20:23:12
